-- MySQL dump 10.13  Distrib 5.7.27, for Linux (x86_64)
--
-- Host: 127.0.0.1    Database: aiw
-- ------------------------------------------------------
-- Server version	5.7.27-0ubuntu0.19.04.1

/*!40101 SET @OLD_CHARACTER_SET_CLIENT=@@CHARACTER_SET_CLIENT */;
/*!40101 SET @OLD_CHARACTER_SET_RESULTS=@@CHARACTER_SET_RESULTS */;
/*!40101 SET @OLD_COLLATION_CONNECTION=@@COLLATION_CONNECTION */;
/*!40101 SET NAMES utf8 */;
/*!40103 SET @OLD_TIME_ZONE=@@TIME_ZONE */;
/*!40103 SET TIME_ZONE='+00:00' */;
/*!40014 SET @OLD_UNIQUE_CHECKS=@@UNIQUE_CHECKS, UNIQUE_CHECKS=0 */;
/*!40014 SET @OLD_FOREIGN_KEY_CHECKS=@@FOREIGN_KEY_CHECKS, FOREIGN_KEY_CHECKS=0 */;
/*!40101 SET @OLD_SQL_MODE=@@SQL_MODE, SQL_MODE='NO_AUTO_VALUE_ON_ZERO' */;
/*!40111 SET @OLD_SQL_NOTES=@@SQL_NOTES, SQL_NOTES=0 */;

--
-- Table structure for table `category`
--

DROP TABLE IF EXISTS `category`;
/*!40101 SET @saved_cs_client     = @@character_set_client */;
/*!40101 SET character_set_client = utf8 */;
CREATE TABLE `category` (
  `cat_id` int(11) NOT NULL AUTO_INCREMENT,
  `cat_name` varchar(50) NOT NULL,
  `cat_description` varchar(200) DEFAULT NULL,
  PRIMARY KEY (`cat_id`)
) ENGINE=InnoDB AUTO_INCREMENT=6 DEFAULT CHARSET=utf8;
/*!40101 SET character_set_client = @saved_cs_client */;

--
-- Dumping data for table `category`
--

LOCK TABLES `category` WRITE;
/*!40000 ALTER TABLE `category` DISABLE KEYS */;
INSERT INTO `category` VALUES (1,'Món Ngon Việt ','Các món ăn ngon và đặc sắc của Việt Nam'),(2,'Món ngon Châu Á','Các món ăn ngon và đặc sắc của Châu Á'),(3,'Món ngon Châu Âu','Các món ăn ngon và đặc sắc của Châu Âu'),(4,'Món ngon mùa lạnh','Các món ăn ngon và đặc sắc của mùa lạnh'),(5,'Món ngon mùa nóng','Các món ăn ngon và đặc sắc của mùa nóng');
/*!40000 ALTER TABLE `category` ENABLE KEYS */;
UNLOCK TABLES;

--
-- Table structure for table `comment`
--

DROP TABLE IF EXISTS `comment`;
/*!40101 SET @saved_cs_client     = @@character_set_client */;
/*!40101 SET character_set_client = utf8 */;
CREATE TABLE `comment` (
  `cmt_id` int(11) NOT NULL AUTO_INCREMENT,
  `post_id` int(11) NOT NULL,
  `parent_id` int(11) NOT NULL DEFAULT '0',
  `user_name` text CHARACTER SET utf8 COLLATE utf8_unicode_ci NOT NULL,
  `user_email` varchar(100) CHARACTER SET utf8 COLLATE utf8_unicode_ci NOT NULL,
  `content` text CHARACTER SET utf8 COLLATE utf8_unicode_ci NOT NULL,
  `created` timestamp NOT NULL DEFAULT CURRENT_TIMESTAMP,
  PRIMARY KEY (`cmt_id`)
) ENGINE=InnoDB AUTO_INCREMENT=14 DEFAULT CHARSET=utf8;
/*!40101 SET character_set_client = @saved_cs_client */;

--
-- Dumping data for table `comment`
--

LOCK TABLES `comment` WRITE;
/*!40000 ALTER TABLE `comment` DISABLE KEYS */;
INSERT INTO `comment` VALUES (10,55,0,'linh','a@gmail.com','hay lam\r\n','2019-11-12 06:06:51'),(11,59,0,'Ngoc Linh','a@gmail.com','Viết hay lắm\r\n','2019-11-12 06:17:33'),(12,75,0,'1601040126','d@gmail.com','hay','2019-11-12 08:09:26'),(13,74,0,'1601040126','d@gmail.com','hay lam\r\n','2019-11-19 15:40:51');
/*!40000 ALTER TABLE `comment` ENABLE KEYS */;
UNLOCK TABLES;

--
-- Table structure for table `post`
--

DROP TABLE IF EXISTS `post`;
/*!40101 SET @saved_cs_client     = @@character_set_client */;
/*!40101 SET character_set_client = utf8 */;
CREATE TABLE `post` (
  `post_id` int(11) NOT NULL AUTO_INCREMENT,
  `cat_id` int(11) NOT NULL,
  `author` varchar(50) NOT NULL,
  `title` varchar(255) CHARACTER SET utf8 COLLATE utf8_unicode_ci NOT NULL,
  `short_intro` varchar(200) DEFAULT NULL,
  `content` text CHARACTER SET utf8 COLLATE utf8_unicode_ci NOT NULL,
  `created` timestamp NOT NULL DEFAULT CURRENT_TIMESTAMP,
  `feature` enum('0','1') CHARACTER SET utf8 COLLATE utf8_bin NOT NULL,
  `tags` varchar(800) DEFAULT NULL,
  PRIMARY KEY (`post_id`)
) ENGINE=InnoDB AUTO_INCREMENT=75 DEFAULT CHARSET=utf8;
/*!40101 SET character_set_client = @saved_cs_client */;

--
-- Dumping data for table `post`
--

LOCK TABLES `post` WRITE;
/*!40000 ALTER TABLE `post` DISABLE KEYS */;
INSERT INTO `post` VALUES (59,2,'Nguồn: Google','ĐẶC TRƯNG CỦA ẨM THỰC CHÂU Á','CÂU CHUYỆN CỦA KHÁCH HÀNG','<p>Với điều kiện tự nhi&ecirc;n đa dạng, chủ y&ecirc;́u là kh&iacute; hậu nhiệt đới v&agrave; gần đại dương lớn, ẩm thực ch&acirc;u Á là sự khéo léo k&ecirc;́t hợp các món ăn n&acirc;́u từ các loại nguy&ecirc;n li&ecirc;̣u nhi&ecirc;̣t đới và đ&ecirc;̀ cao vai trò của các nguy&ecirc;n li&ecirc;̣u đ&ecirc;́n từ bi&ecirc;̉n cả. B&ecirc;n cạnh đó, nền văn hóa ch&acirc;u &Aacute; trọng truyền thống v&agrave; cộng đồng n&ecirc;n đòi hỏi m&ocirc;̣t món ăn ngon phải l&agrave; m&oacute;n ăn th&ecirc;̉ hi&ecirc;̣n được triết l&yacute;, gi&aacute; trị nh&acirc;n sinh quan.</p>\r\n\r\n<p>Ẩm thực ch&acirc;u Á là t&acirc;́m gương phản chi&ecirc;́u đời s&ocirc;́ng cũng như n&ecirc;̀n văn hóa, lịch sử l&acirc;u đời của các qu&ocirc;́c gia tr&ecirc;n lục địa này. Tuy nhi&ecirc;n, chúng ta v&acirc;̃n có th&ecirc;̉ tìm th&acirc;́y đi&ecirc;̉m giao thoa đ&acirc;̀y thú vị giữa các n&ecirc;̀n văn hóa th&ocirc;ng qua các món ăn ch&acirc;u Á có hương vị tưởng lạ mà quen.M&oacute;n ăn Ch&acirc;u &Aacute; truyền thống thường hạn ch&ecirc;́ ch&acirc;́t đạm, sử dụng nhi&ecirc;̀u loại gia vị, rau củ và trái c&acirc;y từ c&aacute;c món &nbsp;đ&ecirc;̉ giải nhi&ecirc;̣t trong đi&ecirc;̀u ki&ecirc;̣n thời ti&ecirc;́t quanh năm nóng &acirc;̉m. Bài vi&ecirc;́t dưới đ&acirc;y sẽ giúp bạn đi s&acirc;u vào tìm hi&ecirc;̉u n&ecirc;̀n văn hóa ăn u&ocirc;́ng của m&ocirc;̣t s&ocirc;́ qu&ocirc;́c gia, vùng mi&ecirc;̀n tạo n&ecirc;n đặc trưng của &acirc;̉m thực ch&acirc;u Á</p>\r\n\r\n<p>Kh&ocirc;ng phải đơn giản mà Trung Quốc được xem l&agrave; một trong 10 nền ẩm thực hàng đ&acirc;̀u thế giới. Nhiều nhà hàng truyền thống của đất nước n&agrave;y c&oacute; mặt ở khắp c&aacute;c quốc gia tr&ecirc;n h&agrave;nh tinh v&agrave; được nhiều người y&ecirc;u thích. Những m&oacute;n ăn như vịt quay Bắc Kinh, canh c&aacute; Giang T&ocirc;, đậu phụ Tứ Xuy&ecirc;n hay c&aacute;c m&oacute;n dimsum đ&atilde; g&oacute;p phần l&agrave;m n&ecirc;n sự vẻ vang đ&oacute;. Do tính ch&acirc;́t lãnh th&ocirc;̉ r&ocirc;̣ng lớn, &acirc;̉m thực Trung hoa có những nét khác bi&ecirc;̣t ri&ecirc;ng theo vùng mi&ecirc;̀n. Người Tứ Xuy&ecirc;n th&iacute;ch ăn đồ cay, người Sơn Đ&ocirc;ng th&iacute;ch ăn đồ tươi, &iacute;t dầu mỡ. Người Quảng Đ&ocirc;ng th&iacute;ch ăn đồ nhạt c&ograve;n tr&igrave;nh b&agrave;y cầu kỳ v&agrave; bắt mắt nhất thì phải k&ecirc;̉ đ&ecirc;́n Giang T&ocirc;. B&ecirc;n cạnh đ&oacute;, người Bắc Kinh chu&ocirc;̣ng c&aacute;c m&oacute;n ăn gi&ograve;n, c&oacute; bơ, hương vị thơm ngon được chế biến từ đồ ăn tươi. &Acirc;̉m thực Trung Hoa đ&ecirc;̀ cao sự toàn vẹn trong món ăn tạo n&ecirc;n bởi hương vị đa dạng, trình bày bắt mắt và sự c&acirc;̀u kì trong c&ocirc;ng đoạn ch&ecirc;́ bi&ecirc;́n.</p>\r\n\r\n<p><img alt=\"\" src=\"http://www.chumrestaurant.com/wp-content/uploads/2019/01/mon-vit-quay-bac-kinh.jpg\" style=\"height:400px; width:600px\" /></p>\r\n\r\n<p>Trong khi đó, Ẩm thực Nhật Bản tập trung v&agrave;o vi&ecirc;̣c bảo toàn tính tươi mát và nguy&ecirc;n thủy nh&acirc;́t của thực ph&acirc;̉m nhằm tạo ra các món ăn có đ&ocirc;̣ dinh dưỡng cao. Người Nh&acirc;̣t n&ocirc;̉i ti&ecirc;́ng với những m&oacute;n ăn rất l&agrave;nh mạnh. Sushi hay sashimi sử dụng thành ph&acirc;̀n chính là cơm nắm, rong bi&ecirc;̉n, cá tươi đã làm n&ecirc;n thương hi&ecirc;̣u &acirc;̉m thực Nh&acirc;̣t tr&ecirc;n toàn th&ecirc;́ giới. Có th&ecirc;̉ xem Nh&acirc;̣t Bản là nơi dành cho những người sành ăn, y&ecirc;u &acirc;̉m thực và du lịch. Rượu sake với hương vị có m&ocirc;̣t kh&ocirc;ng hai là món u&ocirc;́ng mọi người kh&ocirc;ng n&ecirc;n bỏ qua. Tuy nhi&ecirc;n, đ&ecirc;̉ sáng tạo n&ecirc;n những món ăn giàu ch&acirc;́t dinh dưỡng như th&ecirc;́, người Nh&acirc;̣t đã phải dày c&ocirc;ng nghi&ecirc;n cứu nhi&ecirc;̀u phương pháp bảo quản, ch&ecirc;́ bi&ecirc;́n nguy&ecirc;n li&ecirc;̣u đạt đ&ecirc;́n đ&ocirc;̣ tinh t&ecirc;́ tuy&ecirc;̣t vời.</p>\r\n\r\n<p><img alt=\"\" src=\"http://www.chumrestaurant.com/wp-content/uploads/2019/01/mon-sushi.jpg\" style=\"height:400px; width:600px\" /></p>\r\n\r\n<p>Là qu&ocirc;́c gia &ocirc;n đới, quanh năm thời ti&ecirc;́t giá lạnh n&ecirc;n thói quen ăn u&ocirc;́ng của người Hàn thi&ecirc;n v&ecirc;̀ các món ăn có vị cay nóng, các món nướng và súp đ&ecirc;̉ làm &acirc;́m người trong ti&ecirc;́t trời giá lạnh. So với hai n&ecirc;̀n &acirc;̉m thực tr&ecirc;n, các món ăn đ&ecirc;́n từ Hàn có màu sắc bắt mắt và hương vị d&ecirc;̃ ăn khi&ecirc;́n nhi&ecirc;̀u người m&ecirc; m&acirc;̉n, như món cơm cu&ocirc;̣n kimbap hay các món ăn dùng kèm với kimchi &ndash; phương pháp mu&ocirc;́i rau cải đ&ocirc;̣c đáo của người Hàn.</p>\r\n\r\n<p>Khu vực T&acirc;y Nam Á</p>\r\n\r\n<p>Khu vực đại di&ecirc;̣n cho n&ecirc;̀n &acirc;̉m thực ch&acirc;u Á ti&ecirc;́p theo là T&acirc;y Nam Á, bao gồm c&aacute;c m&oacute;n ăn từ Ấn Độ, Pakistan, Sri Lanka v&agrave; Miến Điện. &Acirc;̉m thực T&acirc;y Nam Á xu&acirc;́t phát từ nền văn minh Ba Tư-Ả Rập. Thói quen ăn b&aacute;nh m&igrave; nan (b&aacute;nh mì phẳng) trở n&ecirc;n phổ bi&ecirc;́n, c&ugrave;ng với thịt cừu, bánh mì kebab (c&oacute; nguồn gốc từ Thổ Nhĩ Kỳ) v&agrave; sử dụng ớt n&oacute;ng, ti&ecirc;u đen, đinh hương, c&ugrave;ng với ghee (một loại dầu bơ). Cà ri cũng trở thành m&ocirc;̣t y&ecirc;́u t&ocirc;́ chính trong nền văn hóa ăn ki&ecirc;ng theo t&ocirc;n giáo n&agrave;y. Th&ocirc;ng qua c&aacute;c gi&aacute;o l&yacute; của Ấn Độ gi&aacute;o, b&ograve; chỉ được sử dụng đ&ecirc;̉ l&acirc;́y sữa chứ kh&ocirc;ng phải cho thịt. Ngo&agrave;i gạo, bánh chapati l&agrave;m từ l&uacute;a m&igrave; hoặc l&uacute;a mạch cũng l&agrave; một phần quan trọng của chế độ ăn uống. Đậu cũng là m&ocirc;̣t thực ph&acirc;̉m hay góp mặt trong các bữa ăn của người T&acirc;y Nam Á.</p>\r\n\r\n<p><img alt=\"\" src=\"http://www.chumrestaurant.com/wp-content/uploads/2019/01/ca-ri-an-do.jpg\" style=\"height:400px; width:600px\" /></p>\r\n\r\n<p>Bạn hẳn kh&ocirc;ng th&ecirc;̉ bỏ qua món thức u&ocirc;́ng trà sữa đang thịnh hành tại h&acirc;̀u h&ecirc;́t các qu&ocirc;́c gia ch&acirc;u Á. C&oacute; giả thuyết cho rằng món u&ocirc;́ng tuy&ecirc;̣t vời n&agrave;y bắt ngu&ocirc;̀n từ M&ocirc;ng C&ocirc;̉, qu&ocirc;́c gia T&acirc;y Á đã nghĩ ra cách pha sữa d&ecirc; vào cùng h&ocirc;̀ng trà tạo thành món thức u&ocirc;́ng có vị ngọt đ&ocirc;̣c đáo</p>\r\n\r\n<p>Đ&ocirc;ng Nam &Aacute;</p>\r\n\r\n<p>Cuối c&ugrave;ng, n&ecirc;̀n văn hóa ăn u&ocirc;́ng lớn thứ ba đại di&ecirc;̣n cho &acirc;̉m thực ch&acirc;u &Aacute; l&agrave; khu vực Đ&ocirc;ng Nam Á, bao gồm Th&aacute;i Lan, L&agrave;o, Campuchia, Việt Nam, Indonesia, Malaysia, Singapore v&agrave; Brunei. Đặc trưng &acirc;̉m thực của trong khu vực n&agrave;y l&agrave; c&aacute;c thực phẩm tươi ngon, sơ ch&ecirc;́ đơn giản, nh&acirc;́n mạnh vào vi&ecirc;̣c c&acirc;n bằng hương vị bằng việc x&agrave;o nhanh, hấp hoặc đun s&ocirc;i, bổ sung th&ecirc;m các gia vị rời rạc và hương li&ecirc;̣u có tính thanh mát, bao gồm nước &eacute;p cam, qu&yacute;t v&agrave; c&aacute;c loại thảo mộc như h&uacute;ng quế, rau m&ugrave;i, v&agrave; bạc h&agrave;. Bằng cách ch&ecirc;́ bi&ecirc;́n này, món ăn của người Đ&ocirc;ng Nam Á lu&ocirc;n đạt được đ&ocirc;̣ c&acirc;n bằng tinh t&ecirc;́ giữa các vị chua, cay, ngọt, mặn. Ngo&agrave;i ra, trong khi c&aacute;c m&oacute;n ăn miền Đ&ocirc;ng Bắc nhấn mạnh việc sử dụng nước tương trong hầu hết mọi thứ thì nền &ldquo;văn ho&aacute; nước mắm&rdquo; th&ocirc;́ng trị khu vực ph&iacute;a Đ&ocirc;ng Nam. Nước mắm pha c&ugrave;ng với ớt, gừng, chanh v&agrave; me cho th&ecirc;m hương vị chua mát, phù hợp với khí h&acirc;̣u nhi&ecirc;̣t đới nóng &acirc;̉m</p>\r\n\r\n<p><img alt=\"\" src=\"http://www.chumrestaurant.com/wp-content/uploads/2019/01/pad-thai.jpg\" style=\"height:400px; width:600px\" />.</p>\r\n\r\n<p>Pad Thai làm món ăn ngon của Thái Lan được toàn th&ecirc;́ giới bi&ecirc;́t đ&ecirc;́n. Lạp v&agrave; Tam mak houng l&agrave; 2 m&oacute;n ăn phổ biến tại L&agrave;o m&agrave; bất k&igrave; du kh&aacute;ch n&agrave;o khi đến với đất nước n&agrave;y cũng muốn thưởng thức. Philippines được biết đến với phong c&aacute;ch nấu ăn Adobo l&agrave; thịt g&agrave; hoặc thịt lợn được om từ từ trong gi&acirc;́m, tỏi, dầu v&agrave; nước tương cho đến khi thịt m&ecirc;̀m và kh&ocirc; lại. Tại Việt Nam, phở l&agrave; m&oacute;n ăn được y&ecirc;u thích tr&ecirc;n toàn th&ecirc;́ giới. Việt Nam cũng được nhi&ecirc;̀u bạn bè qu&ocirc;́c t&ecirc;́ c&ocirc;ng nh&acirc;̣n là nơi làm ra những ly cà ph&ecirc; ngon. M&oacute;n ăn n&ocirc;̉i ti&ecirc;́ng của ở Bali (Indonesia) l&agrave; gori n&acirc;u v&agrave; ở Campuchia là nơi ch&uacute;ng ta c&oacute; thể t&igrave;m thấy các m&oacute;n amok (cá h&acirc;́p amok, súp gà amok..) th&ecirc;̉ hi&ecirc;̣n tinh túy của &acirc;̉m thực qu&ocirc;́c gia.</p>\r\n\r\n<p><img alt=\"\" src=\"http://www.chumrestaurant.com/wp-content/uploads/2019/01/pho-viet.jpg\" style=\"height:450px; width:600px\" /></p>\r\n\r\n<p>Được tạo ra nhờ sự đa dạng và phong phú từ v&ocirc; s&ocirc;́ các n&ecirc;̀n văn hóa khác nhau,&nbsp;m&oacute;n ăn ch&acirc;u Á&nbsp;có những đặc trưng ri&ecirc;ng bi&ecirc;̣t, phù hợp với bản sắc văn hóa, tri&ecirc;́t lý d&acirc;n t&ocirc;̣c và thói quen ăn u&ocirc;́ng hàng ngàn năm của người d&acirc;n khu vực này.</p>\r\n\r\n<p>&nbsp;</p>\r\n\r\n<p>&nbsp;</p>\r\n','2019-11-12 06:17:08','1','Châu Á'),(65,3,'Nguồn: Google','ĐẶC TRƯNG CỦA ẨM THỰC CHÂU ÂU','CÂU CHUYỆN CỦA KHÁCH HÀNG','<p style=\"margin-left:0px; margin-right:0px; text-align:justify\"><strong>1. Ẩm thực &Yacute;</strong></p>\r\n\r\n<p style=\"margin-left:0px; margin-right:0px; text-align:justify\">Ẩm thực &Yacute; mang n&eacute;t đặc trưng của miền biển Địa Trung Hải &ndash; rất đơn giản, tập trung v&agrave;o th&agrave;nh phần tự nhi&ecirc;n như c&agrave; chua, tỏi, dầu &ocirc; liu, rau xanh v&agrave; ngũ cốc nguy&ecirc;n hạt. Điều n&agrave;y khiến cho&nbsp;nền&nbsp;ẩm thực&nbsp;của đất nước h&igrave;nh chiếc ủng&nbsp;trở th&agrave;nh nền ẩm thực l&agrave;nh mạnh nhất tr&ecirc;n thế giới. Nghi&ecirc;n cứu cho thấy, việc ăn uống theo phong c&aacute;ch &Yacute;&nbsp;c&oacute; thể hỗ trợ hiệu quả việc giảm c&acirc;n, kiểm so&aacute;t đường huyết v&agrave; giảm nguy cơ mắc c&aacute;c bệnh trầm cảm. C&oacute; thể n&oacute;i, ẩm thực &Yacute; vừa giản đơn vừa độc đ&aacute;o.</p>\r\n\r\n<p style=\"margin-left:0px; margin-right:0px; text-align:justify\"><img src=\"https://media.ex-cdn.com/EXP/media.vntravellive.com/files/f1/uploaded/images/photo_news/800x800/news_20171225014936/pizza.jpg_2.jpg\" style=\"border:0px none; box-sizing:border-box; height:auto; line-height:normal; margin:0px; max-width:100%; object-fit:cover; padding:0px; vertical-align:middle; width:845.594px\" title=\"pizza.jpg_2.jpg\" /></p>\r\n\r\n<p style=\"margin-left:0px; margin-right:0px; text-align:justify\">Người ta n&oacute;i rằng c&aacute;c đầu bếp bậc thầy của &Yacute; l&agrave; những thầy ph&ugrave; thủy trong việc kết hợp nhiều hương vị kh&aacute;c nhau, từ thực phẩm tươi sống, bột, ngũ cốc đến c&aacute;c loại thảo dược, gia vị... Từ đ&oacute;, họ tạo ra những m&oacute;n ăn vừa đậm đ&agrave;, thống nhất vừa giữ được hương vị của c&aacute;c th&agrave;nh phần nguy&ecirc;n liệu. C&oacute; thể kể đến những m&oacute;n &Yacute; m&agrave; bất k&igrave; ai cũng đ&atilde; một lần thưởng thức như: Pizza, Spaghetti, Tiramisu, Risotto, Lasagna&hellip;</p>\r\n\r\n<p style=\"margin-left:0px; margin-right:0px; text-align:justify\"><img src=\"https://media.ex-cdn.com/EXP/media.vntravellive.com/files/f1/uploaded/images/photo_news/800x800/news_20171225014936/spaghetti.png_1.png\" style=\"border:0px none; box-sizing:border-box; height:auto; line-height:normal; margin:0px; max-width:100%; object-fit:cover; padding:0px; vertical-align:middle; width:845.594px\" title=\"spaghetti.png_1.png\" /></p>\r\n\r\n<p style=\"margin-left:0px; margin-right:0px; text-align:justify\">&ldquo;Đồ ăn &Yacute; được tạo n&ecirc;n kh&ocirc;ng phải từ t&agrave;i năng hay tr&iacute; tuệ, m&agrave; chủ yếu từ kinh nghiệm v&agrave; một thứ cảm x&uacute;c kỳ lạ trong việc nấu nướng. Điều đ&oacute; khiến cho m&oacute;n ăn của họ&nbsp;tuy đơn giản nhưng ngon tuyệt vời&rdquo; &ndash; t&aacute;c giả Michael Chiarello, đầu bếp v&agrave; l&agrave; t&aacute;c giả cuốn s&aacute;ch nấu ăn Bottega đ&atilde; phải thốt l&ecirc;n như vậy khi thưởng thức ẩm thực Italy.</p>\r\n\r\n<p style=\"margin-left:0px; margin-right:0px; text-align:justify\"><strong>2. Ẩm thực T&acirc;y Ban Nha</strong></p>\r\n\r\n<p style=\"margin-left:0px; margin-right:0px; text-align:justify\">T&acirc;y Ban Nha l&agrave; một đất nước c&oacute; đường bờ biển d&agrave;i, cộng th&ecirc;m sự đa dạng về văn h&oacute;a gốc Địa Trung Hải, n&ecirc;n ẩm thực của &ldquo;xứ sở b&ograve; t&oacute;t&rdquo; rất độc đ&aacute;o v&agrave; phong ph&uacute;. Th&ocirc;ng thường, c&aacute;c m&oacute;n ăn ở đ&acirc;y như: Huevos flamencos, Churros, Giăm b&ocirc;ng Jam&oacute;n Serrano, Chorizo... được chế biến từ khoai t&acirc;y, c&agrave; chua, hạt đậu v&agrave; c&aacute;c gia vị chủ yếu như dầu olive v&agrave; tỏi. Người d&acirc;n sử dụng dầu olive v&agrave; l&aacute; thảo mộc như một phụ liệu qu&yacute; gi&aacute; để &ldquo;đ&aacute;nh thức&rdquo; hương vị trong mỗi m&oacute;n ăn.</p>\r\n','2019-11-12 06:31:37','1','CÂU CHUYỆN CỦA KHÁCH HÀNG'),(66,3,'Nguồn: Google','Ẩm thực Pháp','Ẩm thực Pháp','<p><strong>3. Ẩm thực Ph&aacute;p</strong></p>\r\n\r\n<p>Đất nước xinh đẹp n&agrave;y kh&ocirc;ng những c&oacute; nền văn h&oacute;a cổ điển, c&aacute;c kiến tr&uacute;c vĩ đại m&agrave; c&ograve;n c&oacute; nền ẩm thực v&ocirc; c&ugrave;ng tinh tế. Như c&aacute;c nước Ch&acirc;u &Acirc;u kh&aacute;c, trong c&aacute;c bữa ăn hay c&aacute;c bữa tiệc của người Ph&aacute;p thường c&oacute; sự hiện diện của rượu vang. Đặc biệt, mỗi m&oacute;n ăn c&oacute; một loại rượu vang ri&ecirc;ng ph&ugrave; hợp chứ kh&ocirc;ng d&ugrave;ng một loại rượu suốt bữa ăn. B&ecirc;n cạnh rượu vang, nước xốt cũng l&agrave; một th&agrave;nh phần đ&aacute;ng ch&uacute; &yacute; của phong c&aacute;ch ẩm thực Ph&aacute;p. Đ&oacute; l&agrave; một sự h&ograve;a quyện đầy nghệ thuật tinh tế giữa c&aacute;c loại thảo mộc, l&aacute; thơm v&agrave; tr&aacute;i c&acirc;y như quế, oải hương, cam, bưởi...</p>\r\n\r\n<p><img src=\"https://media.ex-cdn.com/EXP/media.vntravellive.com/files/f1/uploaded/images/photo_news/800x800/news_20171225014936/monankemsot.jpg_1.jpg\" title=\"monankemsot.jpg_1.jpg\" /></p>\r\n\r\n<p><img src=\"https://media.ex-cdn.com/EXP/media.vntravellive.com/files/f1/uploaded/images/photo_news/800x800/news_20171225014936/r%C6%B0ouvang.jpg_2.jpg\" title=\"rưouvang.jpg_2.jpg\" /></p>\r\n\r\n<p>Ẩm thực Ph&aacute;p ch&uacute; trọng c&aacute;ch thưởng thức, trong c&aacute;c b&agrave;n tiệc Ph&aacute;p điều đ&aacute;ng ch&uacute; &yacute; nhất l&agrave; cung c&aacute;ch b&agrave;y biện sang trọng v&agrave; rất lịch thiệp, mọi thứ được chuẩn bị một c&aacute;ch kỹ lưỡng từ những chiếc đĩa đựng thức ăn, ly uống rượu đến từng chiếc dao, nĩa. Tất cả những chi tiết đ&oacute; đ&atilde; khẳng định phần n&agrave;o n&eacute;t độc đ&aacute;o của ẩm thực Ph&aacute;p, vốn được mệnh danh l&agrave; c&aacute;i n&ocirc;i của ẩm thực ch&acirc;u &Acirc;u.</p>\r\n','2019-11-12 06:36:03','1','Ẩm thực Pháp'),(67,1,'Nguồn: Google','10 món bún, mỳ của Việt Nam được báo Tây khen nức nở','Ẩm thực Việt Nam trong con mắt của du khách quốc tế lúc nào cũng được đánh giá cao. Phải nói rằng chưa có một quốc gia nào mà các loại bún, mỳ lại đa dạng đến như vậy.\r\n','<p><strong>1. Phở</strong></p>\r\n\r\n<p>&nbsp;</p>\r\n\r\n<p><img alt=\"10 mon bun, my cua viet nam duoc bao tay khen nuc no - 1\" src=\"https://cdn.eva.vn/upload/3-2019/images/2019-09-11/10-mon-bun-my-cua-viet-nam-duoc-bao-tay-khen-nuc-no-1-1568157051-823-width640height333.jpg\" style=\"height:260px; width:500px\" /></p>\r\n\r\n<p>&nbsp;</p>\r\n\r\n<p>Trong con mắt của du kh&aacute;ch quốc tế,&nbsp;<a href=\"https://eva.vn/bep-eva/cach-nau-pho-bo-thom-ngon-chuan-vi-don-gian-tai-nha-c162a397006.html\">phở l&agrave; m&oacute;n ăn nổi tiếng nhất</a>, đến Việt Nam kh&ocirc;ng thể kh&ocirc;ng ăn phở. Rất nhiều người c&ocirc;ng nhận rằng đ&acirc;y l&agrave; một m&oacute;n ăn cực kỳ tinh tế bởi nước d&ugrave;ng đậm đ&agrave;, b&aacute;nh phở mềm ngon, c&agrave;ng ăn c&agrave;ng cảm thấy nghiện. Mặc d&ugrave; phở l&agrave; đặc sản của H&agrave; Nội nhưng b&acirc;y giờ n&oacute; đ&atilde; c&oacute; mặt tr&ecirc;n khắp Việt Nam.</p>\r\n\r\n<p><strong>2. B&uacute;n b&ograve; Huế</strong></p>\r\n\r\n<p><img alt=\"10 mon bun, my cua viet nam duoc bao tay khen nuc no - 3\" src=\"https://cdn.eva.vn/upload/3-2019/images/2019-09-11/10-mon-bun-my-cua-viet-nam-duoc-bao-tay-khen-nuc-no-2-1568157051-896-width640height426.jpg\" style=\"height:333px; width:500px\" /></p>\r\n\r\n<p>M&oacute;n ăn gốc Huế n&agrave;y ngon nhất khi do ch&iacute;nh người gốc Huế nấu, bởi l&uacute;c đ&oacute; du kh&aacute;ch mới cảm nhận được sự đậm đ&agrave; chuẩn vị của thịt b&ograve; được tẩm ướp, của nước d&ugrave;ng cay x&egrave; m&agrave; ngon ngất ng&acirc;y. Khi ăn b&uacute;n b&ograve;, nhất định kh&ocirc;ng thể thiếu hoa chuối, gi&aacute; đỗ v&agrave; một v&agrave;i miếng ớt đỏ.</p>\r\n\r\n<p><strong>3. Cao lầu</strong></p>\r\n\r\n<p><img alt=\"10 mon bun, my cua viet nam duoc bao tay khen nuc no - 4\" src=\"https://cdn.eva.vn/upload/3-2019/images/2019-09-11/10-mon-bun-my-cua-viet-nam-duoc-bao-tay-khen-nuc-no-3-1568157051-4-width640height426.jpg\" style=\"height:333px; width:500px\" /></p>\r\n\r\n<p>Cao lầu l&agrave; đặc sản nức tiếng ở Hội An, một địa danh khiến cho du kh&aacute;ch quốc tế kh&ocirc;ng tiếc lời khen ngợi, Khi đến v&ugrave;ng đất n&agrave;y, du kh&aacute;ch được thưởng thức một loại mỳ đặc biệt, sợi dai dai, sẫm m&agrave;u, ăn k&egrave;m với nước d&ugrave;ng cũng rất đặc biệt. Người ta bảo hương vị đ&iacute;ch thực của cao lầu l&agrave; nước d&ugrave;ng phải được lấy từ nước giếng Ba Le địa phương.</p>\r\n\r\n<p><strong>4. B&uacute;n ri&ecirc;u</strong></p>\r\n\r\n<p><img alt=\"10 mon bun, my cua viet nam duoc bao tay khen nuc no - 5\" src=\"https://cdn.eva.vn/upload/3-2019/images/2019-09-11/10-mon-bun-my-cua-viet-nam-duoc-bao-tay-khen-nuc-no-4-1568157051-658-width640height427.jpg\" style=\"height:334px; width:500px\" /></p>\r\n\r\n<p>B&uacute;n ri&ecirc;u c&oacute; m&agrave;u đỏ thẩm đặc trưng nhờ sử dụng bột c&agrave; chua v&agrave; thịt cua. Thịt cua ch&iacute;nh l&agrave; ng&ocirc;i sao của m&oacute;n b&uacute;n n&agrave;y, nhưng t&ugrave;y v&agrave;o từng khu vực thịt cua c&oacute; thể thay thế bằng ốc, thịt heo&hellip;</p>\r\n\r\n<p><strong>5. B&uacute;n thịt nướng</strong></p>\r\n\r\n<p><img alt=\"10 mon bun, my cua viet nam duoc bao tay khen nuc no - 6\" src=\"https://cdn.eva.vn/upload/3-2019/images/2019-09-11/10-mon-bun-my-cua-viet-nam-duoc-bao-tay-khen-nuc-no-5-1568157051-180-width640height425.jpg\" style=\"height:332px; width:500px\" /></p>\r\n\r\n<p>B&uacute;n thịt nướng trong con mắt của người nước ngo&agrave;i t&ugrave;y từng v&ugrave;ng m&agrave; n&oacute; c&oacute; hương vị kh&aacute;c nhau. Nh&igrave;n chung, m&oacute;n b&uacute;n n&agrave;y c&oacute; sự đa dạng về nguy&ecirc;n liệu v&agrave; hương vị, tuy vậy khi được trộn c&ugrave;ng với nhau th&igrave; lại rất h&agrave;i h&ograve;a, ngon miệng.</p>\r\n\r\n<p><strong>6. B&uacute;n đậu mắm t&ocirc;m</strong></p>\r\n\r\n<p><img alt=\"10 mon bun, my cua viet nam duoc bao tay khen nuc no - 7\" src=\"https://cdn.eva.vn/upload/3-2019/images/2019-09-11/10-mon-bun-my-cua-viet-nam-duoc-bao-tay-khen-nuc-no-6-1568157051-861-width640height474.jpg\" style=\"height:370px; width:500px\" /></p>\r\n\r\n<p>M&oacute;n b&uacute;n n&agrave;y c&oacute; m&ugrave;i vị kh&ocirc;ng dễ chịu, kh&ocirc;ng phải người nước ngo&agrave;i n&agrave;o cũng th&iacute;ch n&oacute;. Những người ăn lần đầu c&oacute; thể y&ecirc;u hoặc gh&eacute;t ch&uacute;ng ngay lập tức, tuy vậy đ&acirc;y lại l&agrave; m&oacute;n b&uacute;n m&agrave; hầu như ai cũng muốn thưởng thức d&ugrave; chỉ một lần.</p>\r\n\r\n<p><strong>7. B&uacute;n mắm</strong></p>\r\n\r\n<p><img alt=\"10 mon bun, my cua viet nam duoc bao tay khen nuc no - 8\" src=\"https://cdn.eva.vn/upload/3-2019/images/2019-09-11/10-mon-bun-my-cua-viet-nam-duoc-bao-tay-khen-nuc-no-7-1568157051-42-width640height400.jpg\" /></p>\r\n\r\n<p>B&uacute;n mắm đặc sản của Đ&agrave; Nẵng c&oacute; m&ugrave;i mắm đậm, đục, thườn ăn c&ugrave;ng với thịt heo luộc c&ugrave;ng với rau sống. M&oacute;n n&agrave;y cũng giống b&uacute;n đậu mắm t&ocirc;m, nhưng khi du kh&aacute;ch quốc tế gh&eacute; đến miền Trung Việt Nam, hầu như ai cũng đều muốn ăn.</p>\r\n\r\n<p><strong>8. Mỳ Quảng</strong></p>\r\n\r\n<p><img alt=\"10 mon bun, my cua viet nam duoc bao tay khen nuc no - 9\" src=\"https://cdn.eva.vn/upload/3-2019/images/2019-09-11/10-mon-bun-my-cua-viet-nam-duoc-bao-tay-khen-nuc-no-8-1568157051-268-width640height399.jpg\" /></p>\r\n\r\n<p>Mỳ Quảng l&agrave; đặc sản nức tiếng ở miền Trung, n&oacute; c&oacute; nguồn gốc từ Quảng Nam. Đ&acirc;y l&agrave; m&oacute;n ăn phổ biến c&oacute; thể ăn s&aacute;ng trư chiều tối l&uacute;c n&agrave;o cũng được. M&oacute;n ăn n&agrave;y được đ&aacute;nh gi&aacute; l&agrave; rất ngon v&agrave; ng&agrave;y c&agrave;ng c&oacute; nhiều biển thể đi k&egrave;m như m&igrave; quảng ếch, t&ocirc;m, ram&hellip;</p>\r\n\r\n<p><strong>9. Hủ tiếu Nam Vang</strong></p>\r\n\r\n<p><img alt=\"10 mon bun, my cua viet nam duoc bao tay khen nuc no - 10\" src=\"https://cdn.eva.vn/upload/3-2019/images/2019-09-11/10-mon-bun-my-cua-viet-nam-duoc-bao-tay-khen-nuc-no-9-1568157051-292-width640height426.jpg\" /></p>\r\n\r\n<p>Hủ tiếu l&agrave; m&oacute;n ăn phổ biến ở miền Nam, c&oacute; rất nhiều biến thể từ hủ tiếu nhưng nh&igrave;n chung đều c&oacute; nước d&ugrave;ng giống nhau. Nước d&ugrave;ng được hầm từ xương, mực kh&ocirc;, rau củ&hellip;n&ecirc;n rất ngọt thanh tự nhi&ecirc;n. Sợi hủ tiếu th&igrave; dai dai, ăn k&egrave;m với gi&aacute; đỗ v&agrave; rau thơm l&agrave; số 1.</p>\r\n\r\n<p><strong>10. B&uacute;n chả</strong></p>\r\n\r\n<p><img alt=\"10 mon bun, my cua viet nam duoc bao tay khen nuc no - 11\" src=\"https://cdn.eva.vn/upload/3-2019/images/2019-09-11/10-mon-bun-my-cua-viet-nam-duoc-bao-tay-khen-nuc-no-10-1568157051-111-width640height430.jpg\" /></p>\r\n\r\n<p>B&uacute;n chả cũng giống như phở, đặc sản của đất thủ đ&ocirc; H&agrave; Nội. M&oacute;n ăn n&agrave;y thường được mọi người chọn v&agrave;o buổi trưa. C&aacute;c th&agrave;nh phần của b&uacute;n chả thường được để ri&ecirc;ng sau đ&oacute; chấm v&agrave;o với nước mắm pha chua ngọt. M&oacute;n ăn n&agrave;y ng&agrave;y c&agrave;ng nổi tiếng v&agrave; phổ biến hơn kể từ khi tổng thống Obama gh&eacute; thăm Việt Nam v&agrave; tin chọn d&ugrave;ng m&oacute;n n&agrave;y.</p>\r\n','2019-11-12 06:38:29','1','vietnam'),(68,1,'Nguồn: Google','10 món ngon Sài Gòn tên nghe kỳ quặc nhưng “danh bất hư truyền”, ai ai cũng thích','Bạn sẽ không thể bỏ qua những món đặc sản “ngon khó cưỡng” này khi đến Sài Gòn','<h2>Bạn sẽ kh&ocirc;ng thể bỏ qua những m&oacute;n đặc sản &ldquo;ngon kh&oacute; cưỡng&rdquo; n&agrave;y khi đến S&agrave;i G&ograve;n</h2>\r\n\r\n<p>Cứ nhắc đến S&agrave;i G&ograve;n l&agrave; ai ai cũng nghĩ tới một thi&ecirc;n đường ẩm thực với hằng h&agrave; sa số những m&oacute;n ăn ngon l&agrave;nh tr&agrave;n từ c&aacute;c h&agrave;ng qu&aacute;n cho đến vỉa h&egrave;, ng&otilde; hẻm. Dưới đ&acirc;y l&agrave; danh s&aacute;ch 10 m&oacute;n ngon S&agrave;i G&ograve;n &ldquo;danh bất hư truyền&rdquo;, kh&ocirc;ng ai c&oacute; thể bỏ qua</p>\r\n\r\n<p><strong>1. Cơm tấm &ldquo;b&atilde;i r&aacute;c&rdquo;</strong></p>\r\n\r\n<p><img alt=\"10 mon ngon sai gon ten nghe ky quac nhung “danh bat hu truyen”, ai ai cung thich - 1\" src=\"https://cdn.eva.vn/upload/4-2017/images/2017-10-13/10-mon-ngon-sai-gon-ten-nghe-ky-quac-nhung-danh-bat-hu-truyen-ai-ai-cung-thich-1-1507869902-width600height450.jpg\" style=\"height:375px; width:500px\" /></p>\r\n\r\n<p>C&oacute; nhiều qu&aacute;n cơm tấm &ldquo;đỉnh cao&rdquo; ở S&agrave;i G&ograve;n v&agrave; khi nhắc đến, kh&ocirc;ng thể kh&ocirc;ng liệt k&ecirc; v&agrave;o đ&oacute; h&agrave;ng cơm tấm b&atilde;i r&aacute;c trứ danh ở tr&ecirc;n con đường nhỏ L&ecirc; Văn Linh, ph&iacute;a sau khu chợ X&oacute;m Chiếu (Quận 4).</p>\r\n\r\n<p>Cơm ở đ&acirc;y đ&uacute;ng chuẩn hạt gạo tấm, thức ăn đi k&egrave;m từ sườn nướng, g&agrave; r&aacute;n, b&igrave; sợi, chả thịt cho đến trứng ốp, x&uacute;c x&iacute;ch, thịt kho, t&ocirc;m rim, mực nhồi, x&iacute;u mại&hellip; m&oacute;n n&agrave;o m&oacute;n nấy b&agrave;y biện đẹp mắt, m&agrave;u sắc &oacute;ng ả mỡ m&agrave;ng.</p>\r\n\r\n<p>&nbsp;</p>\r\n\r\n<p><strong>2. X&ocirc;i &ldquo;nh&agrave; x&aacute;c&rdquo;</strong></p>\r\n\r\n<p><img alt=\"10 mon ngon sai gon ten nghe ky quac nhung “danh bat hu truyen”, ai ai cung thich - 2\" src=\"https://cdn.eva.vn/upload/4-2017/images/2017-10-13/10-mon-ngon-sai-gon-ten-nghe-ky-quac-nhung-danh-bat-hu-truyen-ai-ai-cung-thich-2-1507869902-width600height450.jpg\" style=\"height:375px; width:500px\" /></p>\r\n\r\n<p>Sở dĩ c&oacute; c&aacute;i t&ecirc;n gọi r&ugrave;ng rợn n&agrave;y l&agrave; do xe x&ocirc;i được đặt ngay đối diện nh&agrave; tang lễ tr&ecirc;n đường Nguyễn Tri Phương (Quận 5). X&ocirc;i được để trong l&aacute; chuối, khi cầm n&oacute;ng rẫy cả tay. Một g&oacute;i x&ocirc;i gồm một miếng x&ocirc;i trắng bằng l&ograve;ng b&agrave;n tay, phủ l&ecirc;n tr&ecirc;n c&oacute; pate mỏng, lạp xưởng, ch&agrave; b&ocirc;ng, đậu phộng v&agrave; rưới ch&uacute;t mỡ h&agrave;nh phi&hellip; nh&igrave;n v&ocirc; c&ugrave;ng hấp dẫn.</p>\r\n\r\n<p>&nbsp;</p>\r\n\r\n<p><strong>3. B&aacute;nh m&igrave; &ldquo;&ocirc; m&ocirc;i&rdquo;</strong></p>\r\n\r\n<p><img alt=\"10 mon ngon sai gon ten nghe ky quac nhung “danh bat hu truyen”, ai ai cung thich - 3\" src=\"https://cdn.eva.vn/upload/4-2017/images/2017-10-13/10-mon-ngon-sai-gon-ten-nghe-ky-quac-nhung-danh-bat-hu-truyen-ai-ai-cung-thich-20150130111150-b11-1507869074-width500height300.jpg\" /></p>\r\n\r\n<p>Từ l&acirc;u, S&agrave;i G&ograve;n đ&atilde; được xem l&agrave; nơi sinh ra m&oacute;n b&aacute;nh m&igrave; kẹp thịt kiểu Việt nổi tiếng v&agrave; nếu c&oacute; địa chỉ b&aacute;nh m&igrave; S&agrave;i G&ograve;n n&agrave;o được nhiều trang mạng quốc tế đề cập v&agrave; giới thiệu nhiều nhất, c&oacute; lẽ đ&oacute; ch&iacute;nh l&agrave; h&agrave;ng b&aacute;nh m&igrave; &quot;huyền thoại&quot; nhiều người quen gọi l&agrave; &quot;b&aacute;nh m&igrave; &ocirc; m&ocirc;i&quot; nằm tr&ecirc;n đường L&ecirc; Thị Ri&ecirc;ng (Quận 1).</p>\r\n\r\n<p>Với gi&aacute; b&aacute;n l&ecirc;n đến 30.000đ/ổ, nhưng mỗi buổi chiều tối đến tận đ&ecirc;m khuya, l&uacute;c n&agrave;o cũng c&oacute; một đo&agrave;n người với h&agrave;ng chục xe m&aacute;y &ocirc; t&ocirc; lớn nhỏ đứng chật dười l&ograve;ng đường L&ecirc; Thị Ri&ecirc;ng để xếp h&agrave;ng mua b&aacute;nh.&nbsp;</p>\r\n\r\n<p><strong>4. Vịt dữa</strong></p>\r\n\r\n<p><img alt=\"10 mon ngon sai gon ten nghe ky quac nhung “danh bat hu truyen”, ai ai cung thich - 4\" src=\"https://cdn.eva.vn/upload/4-2017/images/2017-10-13/10-mon-ngon-sai-gon-ten-nghe-ky-quac-nhung-danh-bat-hu-truyen-ai-ai-cung-thich-kham-pha-mon-vit-dua-tu-khoa-gay-sot-nhat-mang-xa--1507869074-width500height500.jpg\" /></p>\r\n\r\n<p>Thực chất, &ldquo;vịt dữa&rdquo; kh&ocirc;ng hề tồn tại tr&ecirc;n đời. M&oacute;n ăn n&agrave;y c&oacute; c&aacute;i t&ecirc;n ch&iacute;nh x&aacute;c l&agrave; &ldquo;vịt vữa&rdquo;. Loại trứng n&agrave;y về cơ bản l&agrave; bị ung, n&ecirc;n khi luộc l&ecirc;n sẽ kh&aacute; nặng m&ugrave;i, hơi khai v&agrave; thối. Tuy nhi&ecirc;n, một số người lại &ldquo;nghiện&rdquo; c&aacute;i m&ugrave;i v&agrave; vị của trứng vịt ung n&agrave;y, cho rằng n&oacute; c&oacute; vịt ngậy ngậy, b&eacute;o b&eacute;o, kh&ocirc;ng bị nghẹn như ăn trứng g&agrave; tươi. Vịt dữa được b&aacute;n tr&ecirc;n những xe h&agrave;ng rong khắp mọi ng&oacute;c ng&aacute;ch S&agrave;i Th&agrave;nh.</p>\r\n\r\n<p><strong>5. Ch&egrave; Cam</strong></p>\r\n\r\n<p><img alt=\"10 mon ngon sai gon ten nghe ky quac nhung “danh bat hu truyen”, ai ai cung thich - 5\" src=\"https://cdn.eva.vn/upload/4-2017/images/2017-10-13/10-mon-ngon-sai-gon-ten-nghe-ky-quac-nhung-danh-bat-hu-truyen-ai-ai-cung-thich-tim-ve-hang-che-campuchia-40-nam-van-hut-khach-giu-1507869074-width500height667.jpg\" /></p>\r\n\r\n<p>Ch&egrave; Cam t&ecirc;n nghe lạ nhưng thực chất l&agrave; c&aacute;ch gọi chung của c&aacute;c m&oacute;n ch&egrave; c&oacute; xuất xứ từ người Campuchia sống tại S&agrave;i G&ograve;n. Ch&egrave; Campuchia c&oacute; nhiều điểm kh&aacute;c biệt với ch&egrave; Việt, trong đ&oacute;, đặc trưng nhất phải kể đến việc tất cả c&aacute;c vị ch&egrave; đều được chế biến từ đường thốt nốt chứ kh&ocirc;ng phải đường ph&egrave;n hay đường k&iacute;nh trắng.</p>\r\n\r\n<p>Những nguy&ecirc;n liệu nấu k&egrave;m kh&aacute;c cũng rất đặc sắc v&agrave; lạ mắt như b&iacute; chưng, chuối x&agrave;o dừa, m&igrave; trứng sợi v&agrave;ng, sầu ri&ecirc;ng cốt dừa&hellip; Bạn c&oacute; thể thưởng thức ch&egrave; Cam tại khu chợ L&ecirc; Hồng Phong (Quận 10, Tp.HCM).</p>\r\n\r\n<p>&nbsp;</p>\r\n\r\n<p><strong>6. M&igrave; muối ớt</strong></p>\r\n\r\n<p><img alt=\"10 mon ngon sai gon ten nghe ky quac nhung “danh bat hu truyen”, ai ai cung thich - 6\" src=\"https://cdn.eva.vn/upload/4-2017/images/2017-10-13/10-mon-ngon-sai-gon-ten-nghe-ky-quac-nhung-danh-bat-hu-truyen-ai-ai-cung-thich-3-1507869902-width600height366.jpg\" /></p>\r\n\r\n<p>Nguy&ecirc;n liệu chế biến một t&ocirc; m&igrave; muối ớt chủ yếu l&agrave; m&igrave; t&ocirc;m được chi&ecirc;n sẵn. M&igrave; được nh&uacute;ng trực tiếp v&agrave;o nồi nước d&ugrave;ng đang s&ocirc;i tr&ecirc;n bếp than. Sau đ&oacute;, những sợi m&igrave; được vớt ra, bỏ v&agrave;o t&ocirc; v&agrave; điểm th&ecirc;m miếng gi&ograve;, n&ecirc;m c&aacute;c loại gia vị h&agrave;nh phi, ti&ecirc;u, ớt, mắm,&hellip;</p>\r\n\r\n<p>Đặc biệt, m&oacute;n m&igrave; n&agrave;y kh&ocirc;ng thể thiếu muối ớt. Khi ăn, người thưởng thức sẽ trộn m&igrave; với muối ớt để tạo l&ecirc;n một t&ocirc; m&igrave; m&agrave;u đỏ hấp dẫn thị gi&aacute;c. M&oacute;n ăn lạ miệng n&agrave;y được b&aacute;n trong con hẻm nhỏ tr&ecirc;n đường Trần Kế Xương (quận Ph&uacute; Nhuận, Tp.HCM).</p>\r\n\r\n<p><strong>7. Tr&agrave; đ&agrave;o</strong></p>\r\n\r\n<p><img alt=\"10 mon ngon sai gon ten nghe ky quac nhung “danh bat hu truyen”, ai ai cung thich - 7\" src=\"https://cdn.eva.vn/upload/4-2017/images/2017-10-13/10-mon-ngon-sai-gon-ten-nghe-ky-quac-nhung-danh-bat-hu-truyen-ai-ai-cung-thich-anvatcayxe_govap-1c966-1507869074-width600height600.jpg\" /></p>\r\n\r\n<p>Kh&aacute;i niệm tr&agrave; đ&agrave;o lần đầu ti&ecirc;n được biết đến l&agrave; ở S&agrave;i G&ograve;n với phần nước ch&iacute;nh l&agrave; tr&agrave; t&uacute;i lọc được bổ sung th&ecirc;m hương đ&agrave;o c&ugrave;ng những miếng đ&agrave;o v&agrave;ng ươm gi&ograve;n gi&ograve;n. Người ta c&oacute; thể mua tr&agrave; đ&agrave;o ở khắp nơi từ những qu&aacute;n caf&eacute; sang chảnh, mắc tiền cho tới ly nhựa take away g&oacute;i vội b&ecirc;n vệ đường. Rồi th&igrave; tr&agrave; đ&agrave;o handmade, tr&agrave; đ&agrave;o online, tr&agrave; đ&agrave;o t&uacute;i zip&hellip; đua nhau mọc l&ecirc;n, gi&aacute; cả cũng cứ thế m&agrave; dao động từ 15-50k/ly.</p>\r\n\r\n<p><strong>8. B&aacute;nh canh ghẹ</strong></p>\r\n\r\n<p><img alt=\"10 mon ngon sai gon ten nghe ky quac nhung “danh bat hu truyen”, ai ai cung thich - 8\" src=\"https://cdn.eva.vn/upload/4-2017/images/2017-10-13/10-mon-ngon-sai-gon-ten-nghe-ky-quac-nhung-danh-bat-hu-truyen-ai-ai-cung-thich-4-1507869902-width600height450.jpg\" /></p>\r\n\r\n<p>C&oacute; rất nhiều giả thuyết về nguồn gốc của b&aacute;nh canh ghẹ nhưng ai ai đến S&agrave;i G&ograve;n cũng phải c&ocirc;ng nhận, b&aacute;nh canh ghẹ ở S&agrave;i G&ograve;n rất ngon v&agrave; độc đ&aacute;o, lạ miệng. M&oacute;n ăn kh&ocirc;ng chỉ thu h&uacute;t bởi hương thơm đặc trưng, m&agrave; c&ograve;n m&ecirc; hoặc thực kh&aacute;ch bởi con ghẹ to &oacute;ng ả, chắc nịch v&agrave; gi&aacute; cả lại rất phải chăng.</p>\r\n\r\n<p><strong>9. B&aacute;nh tr&aacute;ng trộn</strong></p>\r\n\r\n<p><img alt=\"10 mon ngon sai gon ten nghe ky quac nhung “danh bat hu truyen”, ai ai cung thich - 9\" src=\"https://cdn.eva.vn/upload/4-2017/images/2017-10-13/10-mon-ngon-sai-gon-ten-nghe-ky-quac-nhung-danh-bat-hu-truyen-ai-ai-cung-thich-cac-dia-diem-an-banh-trang-tron-ngon-nhat-o-sai-go-1507869074-width640height640.jpg\" /></p>\r\n\r\n<p>Với người miền Bắc, b&aacute;nh tr&aacute;ng chỉ để cuốn nem, gỏi nhưng với người S&agrave;i G&ograve;n, &ldquo;b&aacute;nh tr&aacute;ng trộn&rdquo; l&agrave; m&oacute;n ăn chơi ngon tuyệt vời với nguy&ecirc;n liệu gồm b&aacute;nh tr&aacute;ng mềm mềm, dai dai v&agrave; đầy ắp kh&ocirc; b&ograve;, xo&agrave;i, trứng c&uacute;t... v&agrave; nước sốt chua ngọt cực hấp dẫn.</p>\r\n\r\n<p><strong>10. X&ocirc;i cade</strong></p>\r\n\r\n<p><img alt=\"10 mon ngon sai gon ten nghe ky quac nhung “danh bat hu truyen”, ai ai cung thich - 10\" src=\"https://cdn.eva.vn/upload/4-2017/images/2017-10-13/10-mon-ngon-sai-gon-ten-nghe-ky-quac-nhung-danh-bat-hu-truyen-ai-ai-cung-thich-xoi-cade-hang-xoi-ngot-ban-gio-trai-khoay-van-me-h-1507869074-width500height375.jpg\" /></p>\r\n\r\n<p>Kh&ocirc;ng c&oacute; c&aacute;i t&ecirc;n dễ h&igrave;nh dung như c&aacute;c loại x&ocirc;i b&igrave;nh thường, x&ocirc;i cade được l&agrave;m từ gạo nếp dẻo thổi chung với nước cốt dừa thơm lừng, phần cade được l&agrave;m từ nguy&ecirc;n liệu đơn giản l&ograve;ng đỏ trứng, sữa, đường theo một c&ocirc;ng thức ri&ecirc;ng đ&ograve;i hỏi sự tỉ mỉ v&agrave; tay nghề của người chế biến để c&oacute; được lớp cade thơm ngon, mịn m&agrave;ng.&nbsp;</p>\r\n\r\n<p>M&oacute;n x&ocirc;i n&agrave;y c&aacute;ch đ&acirc;y h&agrave;ng chục năm được người Hoa du nhập v&agrave;o S&agrave;i G&ograve;n mang theo v&agrave; lấy l&agrave;m phương tiện mưu sinh, vậy nhưng đến nay, khắp S&agrave;i G&ograve;n cũng chỉ c&ograve;n duy nhất một xe x&ocirc;i nhỏ trụ lại ở g&oacute;c ng&atilde; tư Trần Ph&uacute; giao với Nguyễn Tri Phương (Quận 5).</p>\r\n\r\n<p>&nbsp;</p>\r\n\r\n<p>Theo Hạ M&acirc;y (Khám Phá)</p>\r\n','2019-11-12 06:39:41','1','vietnam'),(69,2,'Nguồn: Google','15 món ăn đặc sản châu á bạn nên thử một lần trong đời','Các quốc gia châu Á được biết đến như xứ sở của những món ăn hấp dẫn đến nao lòng. ','<p>C&aacute;c quốc gia ch&acirc;u &Aacute; được biết đến như xứ sở của những m&oacute;n ăn hấp dẫn đến nao l&ograve;ng. Mỗi quốc gia đều c&oacute; những đặc sản rất ri&ecirc;ng, đặc trưng, mang đậm hương vị truyền thống v&agrave; bản sắc d&acirc;n tộc. Dưới đ&acirc;y l&agrave; top 15<strong>&nbsp;đặc sản Ch&acirc;u &Aacute;</strong>&nbsp;m&agrave; bạn nhất định phải thử &iacute;t nhất một lần trong đời!</p>\r\n\r\n<p>&nbsp;</p>\r\n\r\n<p><img alt=\"Đặc sản châu á - Phở Việt Nam\" src=\"https://sgp1.digitaloceanspaces.com/tz-mag-vn/wp-content/uploads/2019/04/111104040606/dac-san-chau-a-1.jpg\" style=\"width:600px\" /></p>\r\n\r\n<p>Đặc sản Việt Nam: Phở (<a href=\"https://www.cooky.vn/cong-thuc/pho-bo-nam-3315\">Cooky.vn</a>)</p>\r\n\r\n<p>&nbsp;</p>\r\n\r\n<h3><strong>1. Cơm g&agrave; Singapore</strong></h3>\r\n\r\n<p>&nbsp;</p>\r\n\r\n<p>Trước hết, nhắc đến c&aacute;c m&oacute;n ăn đặc sản ở ch&acirc;u &Aacute; kh&ocirc;ng thể kh&ocirc;ng nhắc đến m&oacute;n cơm g&agrave; trứ danh của đất nước Singapore. Thực sự, chuyện cơm g&agrave; Singapore l&agrave;&nbsp;<strong>đặc sản ch&acirc;u &Aacute;</strong>&nbsp;kh&ocirc;ng c&ograve;n xa lạ với du kh&aacute;ch trong v&agrave; ngo&agrave;i khu vực. Do đ&oacute;, m&oacute;n ăn n&agrave;y l&agrave; niềm tự h&agrave;o của quốc đảo sư tử nổi tiếng thế giới. Cơm g&agrave; Singapore bao gồm phần cơm được nấu ch&iacute;n ăn k&egrave;m với g&agrave; luộc v&agrave; rau sống gồm c&oacute; dưa chuột, th&ecirc;m ch&uacute;t nước sốt tương. Đ&acirc;y l&agrave; m&oacute;n ăn truyền thống rất đặc trưng của quốc gia ph&aacute;t triển n&agrave;y.</p>\r\n\r\n<p>&nbsp;</p>\r\n\r\n<p><img alt=\"cơm gà Singapore\" src=\"https://sgp1.digitaloceanspaces.com/tz-mag-vn/wp-content/uploads/2019/04/111104043232/dac-san-chau-a-7.jpg\" style=\"width:600px\" /></p>\r\n\r\n<p>Cơm g&agrave; Singapore (<a href=\"https://www.thebestsingapore.com/eat-and-drink/the-best-5-hainanese-chicken-rice/\">TheBestSingapore.com</a>)</p>\r\n\r\n<p>&nbsp;</p>\r\n\r\n<h3><strong>2.Tom Yum Th&aacute;i Lan</strong></h3>\r\n\r\n<p>&nbsp;</p>\r\n\r\n<p>Tom Yum l&agrave; m&oacute;n ăn ngon được xếp v&agrave;o h&agrave;ng những m&oacute;n ăn hấp dẫn nhất thế giới do tạp ch&iacute; CNN b&igrave;nh chọn. Chắc chắn, đ&acirc;y thực sự l&agrave; niềm tự h&agrave;o lớn của xứ sở ch&ugrave;a v&agrave;ng. M&oacute;n ăn đậm đ&agrave; hương vị n&agrave;y bao gồm rất nhiều nguy&ecirc;n liệu kh&aacute;c nhau, từ t&ocirc;m, thịt nạc cho đến h&agrave;nh, xả, ớt, chanh l&aacute;t v&agrave; th&ecirc;m nước d&ugrave;ng ngon tuyệt. Điểm hấp dẫn của m&oacute;n n&agrave;y ch&iacute;nh l&agrave; sự h&ograve;a quyện của v&ocirc; số những hương vị từ chua, cay cho đến mặn v&agrave; ngọt của c&aacute;c gia vị đi k&egrave;m. Nguy&ecirc;n liệu đ&aacute;ng ch&uacute; &yacute; nhất của b&aacute;t Tom Yum ch&iacute;nh l&agrave; mắm Th&aacute;i v&agrave; l&agrave; đặc trưng chỉ nơi đ&acirc;y mới c&oacute;!</p>\r\n\r\n<p>&nbsp;</p>\r\n\r\n<p><img alt=\"tom yum Thái Lan\" src=\"https://sgp1.digitaloceanspaces.com/tz-mag-vn/wp-content/uploads/2019/04/111104040303/dac-san-chau-a-16.jpg\" /></p>\r\n\r\n<p>Tom Yum, Th&aacute;i Lan (<a href=\"https://giadinhvietnam.com/cach-lam/lan-vao-bep/cach-lam-tom-yum-chua-cay-chuan-vi-thai-d97703.html\">Giadinhvietnam.com</a>)</p>\r\n\r\n<p>&nbsp;</p>\r\n\r\n<h3><strong>3. Halo Halo Philipin</strong></h3>\r\n\r\n<p>&nbsp;</p>\r\n\r\n<p>Khi đi du lịch ch&acirc;u &Aacute;, đặc biệt l&agrave; Philipin, m&oacute;n ăn kh&ocirc;ng-thể-bỏ-lỡ ch&iacute;nh l&agrave; Halo Halo. T&ecirc;n gọi hay v&agrave; h&igrave;nh d&aacute;ng cũng rất hấp dẫn l&agrave; điểm thu h&uacute;t của đặc sản n&agrave;y. Đặc biệt, Halo Halo c&oacute; c&aacute;ch l&agrave;m tương tự hoa quả dầm ở Việt Nam, nhưng m&agrave;u sắc rất bắt mắt v&agrave; hương vị v&ocirc; c&ugrave;ng hấp dẫn. Bởi vậy, thưởng thức một cốc Halo Halo v&agrave;o một ng&agrave;y h&egrave; n&oacute;ng nực chắc chắn l&agrave; cảm gi&aacute;c kh&ocirc;ng thể tuyệt vời hơn.</p>\r\n\r\n<p>&nbsp;</p>\r\n\r\n<p>Đọc th&ecirc;m:&nbsp;<a href=\"https://www.tripzilla.vn/huong-vi-philippines-top-10-dia-diem-an-uong-cho-khach-du-lich/4634\">Top 10 Địa Điểm Ăn Uống Cho Kh&aacute;ch Du Lịch</a></p>\r\n\r\n<p>&nbsp;</p>\r\n\r\n<p><img alt=\"Đặc sản châu á - Halo Halo Philippin\" src=\"https://sgp1.digitaloceanspaces.com/tz-mag-vn/wp-content/uploads/2019/04/111104044242/dac-san-chau-a-10-500x300.jpg\" style=\"width:600px\" /></p>\r\n\r\n<p>Halo Halo ở Philippin (<a href=\"http://vietphil.edu.vn/article/140/An_che_Halo_Halo_o_Cebu.html\">VietPhil Education Group</a>)</p>\r\n\r\n<p>&nbsp;</p>\r\n\r\n<h3><strong>4. Salad l&aacute; tr&agrave; Myanmar</strong></h3>\r\n\r\n<p>&nbsp;</p>\r\n\r\n<p>Myanmar rất h&uacute;t kh&aacute;ch du lịch với m&oacute;n salad l&aacute; tr&agrave;. Mặc d&ugrave; nghe c&oacute; vẻ lạ tai nhưng đ&acirc;y l&agrave; m&oacute;n ăn rất được ưa chuộng ở quốc gia ch&acirc;u &Aacute; n&agrave;y. Nếu bạn c&oacute; cơ hội tham quan Myanmar, chớ bỏ lỡ cơ hội thưởng thức salad l&aacute; tr&agrave; bạn nh&eacute;. M&oacute;n ăn n&agrave;y gồm những nguy&ecirc;n liệu cơ bản, dễ kiếm như lạc, l&aacute; tr&agrave;, vừng, t&ocirc;m, tỏi, ớt, bắp cải,&hellip;. Do đ&oacute;, m&oacute;n ăn n&agrave;y vị thanh thanh v&agrave; rất dễ nếm, hợp khẩu vị của cả người ch&acirc;u &Acirc;u v&agrave; cả người ch&acirc;u &Aacute;.</p>\r\n\r\n<p>&nbsp;</p>\r\n\r\n<p><img alt=\"salad lá trà Myanmar\" src=\"https://sgp1.digitaloceanspaces.com/tz-mag-vn/wp-content/uploads/2019/04/111104045252/dac-san-chau-a-13-1024x682.jpg\" style=\"width:600px\" /></p>\r\n\r\n<p>Salad l&aacute; tr&agrave; (<a href=\"http://kenh14.vn/la-ky-mon-salad-la-tra-doc-dao-chi-co-tai-xu-so-phat-giao-myanmar-20180528182516955.chn\">Kenh14</a>)</p>\r\n\r\n<p>&nbsp;</p>\r\n\r\n<h3><strong>5. Masala Dosa Ấn Độ</strong></h3>\r\n\r\n<p>&nbsp;</p>\r\n\r\n<p>Th&ecirc;m một&nbsp;<strong>đặc sản ch&acirc;u &Aacute;</strong>&nbsp;m&agrave; bạn nhất định phải thử khi đi du lịch Ấn Độ l&agrave; m&oacute;n Masala Dosa. Tương tự như Phở ở Việt Nam, m&oacute;n ăn n&agrave;y rất phổ biến. Đ&acirc;y l&agrave; m&oacute;n ăn v&agrave;o buổi s&aacute;ng thường thấy ở hầu như mọi ng&oacute;c ng&aacute;ch của đất nước tỉ d&acirc;n. Masala Dosa l&agrave; t&ecirc;n gọi của loại b&aacute;nh tr&aacute;ng c&oacute; nguy&ecirc;n liệu từ bột gạo l&ecirc;n men, ăn k&egrave;m th&ecirc;m khoai t&acirc;y nghiền v&agrave; h&agrave;nh l&aacute;. Mặc d&ugrave; m&oacute;n ăn tuy đơn giản nhưng rất ngon, gi&aacute; cả si&ecirc;u y&ecirc;u kh&ocirc;ng lo về hầu bao bạn nh&eacute;!</p>\r\n\r\n<p>&nbsp;</p>\r\n\r\n<p><img alt=\"Masalo Dosa Ấn Độ\" src=\"https://sgp1.digitaloceanspaces.com/tz-mag-vn/wp-content/uploads/2019/04/111104043939/dac-san-chau-a-9.jpg\" style=\"width:600px\" /></p>\r\n\r\n<p>Masalo Dosa, Ấn Độ (<a href=\"http://www.yummyfoodrecipes.in/food/recipedetails/412/Easy-South-Indian-Masala-Dosa-Recipe.html\">Yummy Food Recipes</a>)</p>\r\n\r\n<p>&nbsp;</p>\r\n\r\n<h3><strong>6. Thịt b&ograve; Kobe Nhật Bản</strong></h3>\r\n\r\n<p>&nbsp;</p>\r\n\r\n<p>Nhắc đến đặc sản Nhật Bản th&igrave; tuyệt đối kh&ocirc;ng thể bỏ qua b&ograve; Kobe nức tiếng thế giới rồi. Thịt b&ograve; Kobe l&agrave; một trong những loại thịt b&ograve; đắt nhất dinh dưỡng nhất m&agrave; người ta lu&ocirc;n mong muốn được nếm thử d&ugrave; chỉ một lần. M&oacute;n ăn n&agrave;y c&oacute; mặt tại mọi nh&agrave; h&agrave;ng Nhật Bản v&agrave; l&agrave; cực phẩm của cực phẩm. Quả rất đ&aacute;ng để trải nghiệm phải kh&ocirc;ng?</p>\r\n\r\n<p>&nbsp;</p>\r\n\r\n<p><img alt=\"Đặc sản châu á - Thịt bò Kobe Nhật Bản\" src=\"https://sgp1.digitaloceanspaces.com/tz-mag-vn/wp-content/uploads/2019/04/111104045959/dac-san-chau-a-15.jpg\" style=\"width:600px\" /></p>\r\n\r\n<p>Thịt b&ograve; Kobe, Nhật Bản&nbsp;<a href=\"https://japantoday.com/category/features/food/wagyu-vs-kokusangyu-the-difference-between-the-two-types-of-japanese-beef\">(Japan Today</a>)</p>\r\n\r\n<p>&nbsp;</p>\r\n\r\n<h3><strong>7. Sushi Nhật Bản</strong></h3>\r\n\r\n<p>&nbsp;</p>\r\n\r\n<p>Một đặc sản kh&ocirc;ng thể kh&ocirc;ng nhắc đến khi n&oacute;i đến Nhật l&agrave; m&oacute;n sushi. Nhật Bản kh&ocirc;ng thiếu những của ngon vật lạ cho bạn thưởng thức. Sushi Nhật Bản l&agrave; m&oacute;n ăn chặng lạ lẫm g&igrave; nhưng v&ocirc; c&ugrave;ng hấp dẫn. Đ&atilde; đến xứ sở mặt trời mọc m&agrave; bỏ qua m&oacute;n ăn n&agrave;y thật đ&aacute;ng tiếc thay. Sushi Nhật Bản với m&oacute;n c&aacute; sống ăn k&egrave;m cơm, trứng c&aacute;&hellip;.qu&aacute; tuyệt hảo cho một bữa trưa! M&oacute;n ăn nguy&ecirc;n liệu tuy đơn giản nhưng lại ẩn chứa sự tinh xảo v&agrave; đi&ecirc;u luyện qua từng đ&ocirc;i tay của những đầu bếp chuy&ecirc;n nghiệp v&agrave; s&aacute;ng tạo. &Agrave;, bạn nhớ th&ecirc;m ch&uacute;t m&ugrave; tạt để ăn k&egrave;m để tăng độ hấp dẫn cho m&oacute;n ăn nữa nh&eacute;!</p>\r\n\r\n<p>&nbsp;</p>\r\n\r\n<p><img alt=\"Sushi Nhật Bản\" src=\"https://sgp1.digitaloceanspaces.com/tz-mag-vn/wp-content/uploads/2019/04/111104041111/dac-san-chau-a-3-1024x576.jpg\" style=\"width:600px\" /></p>\r\n\r\n<p>Sushi, Nhật bản (<a href=\"https://laodongxuatkhau.vn/cach-lam-sushi-nhat-ban-ngon-tuyet-chi-trong-30-phut-336.htm\">Laodongxuatkhau.vn</a>)</p>\r\n\r\n<p>&nbsp;</p>\r\n\r\n<h3><strong>8.Vịt quay Bắc Kinh Trung Quốc</strong></h3>\r\n\r\n<p>&nbsp;</p>\r\n\r\n<p>Vịt quay Bắc Kinh, c&aacute;i t&ecirc;n n&oacute;i l&ecirc;n tất cả. M&oacute;n vịt quay nổi tiếng Bắc Kinh n&agrave;y chắc chắn l&agrave; m&oacute;n&nbsp;<strong>đặc sản ch&acirc;u &Aacute;</strong>&nbsp;bạn n&ecirc;n thử khi đến thăm quốc gia l&aacute;ng giềng của ch&uacute;ng ta. Vịt quay Bắc Kinh nổi tiếng với lớp da v&agrave;ng sậm, gi&ograve;n rụm v&ocirc; c&ugrave;ng bắt mắt v&agrave; hấp dẫn. Chỉ nh&igrave;n th&ocirc;i l&agrave; đ&atilde; thấy th&egrave;m rồi! Kh&ocirc;ng hổ danh l&agrave; Trung Quốc, đất nước nơi ẩm thực thăng hoa!</p>\r\n\r\n<p>&nbsp;</p>\r\n\r\n<p><img alt=\"Vịt quay Bắc Kinh\" src=\"https://sgp1.digitaloceanspaces.com/tz-mag-vn/wp-content/uploads/2019/04/111104042121/dac-san-chau-a-5.jpg\" style=\"width:600px\" /></p>\r\n\r\n<p>Vịt quay Bắc Kinh (<a href=\"https://shipdoandemff.com/san-pham/vit-quay-bac-kinh/\">Ship đồ ăn Đ&ecirc;m Đ&agrave; Nẵng</a>)</p>\r\n\r\n<p>&nbsp;</p>\r\n\r\n<h3><strong>9. Đặc sản Ch&acirc;u &Aacute;: Đậu hũ thối Trung Quốc</strong></h3>\r\n\r\n<p>&nbsp;</p>\r\n\r\n<p>Đừng vội bỏ qua m&oacute;n ăn n&agrave;y chỉ v&igrave; c&aacute;i t&ecirc;n kh&ocirc;ng mấy hấp dẫn nh&eacute;! &nbsp;Trải nghiệm n&agrave;y rất giống với lần đầu ti&ecirc;n ăn sầu ri&ecirc;ng, ăn rồi th&igrave; sẽ&hellip;nghiện. Đậu hũ thối l&agrave; m&oacute;n ăn rất phổ biến ở đường phố Trung Quốc. M&oacute;n ăn n&agrave;y được thưởng thức bằng c&aacute;ch chi&ecirc;n gi&ograve;n ăn k&egrave;m với tương ớt hay tương đen. Ngo&agrave;i ra bạn cũng c&oacute; thể thưởng thức đậu phụ thối luộc hoặc kho.</p>\r\n\r\n<p>&nbsp;</p>\r\n\r\n<p>Đọc th&ecirc;m:&nbsp;<a href=\"https://www.tripzilla.vn/10-mon-ngon-khong-bo-qua-khi-den-macau/100\">10 m&oacute;n ngon kh&ocirc;ng thể bỏ qua khi đến Macau</a></p>\r\n\r\n<p>&nbsp;</p>\r\n\r\n<p><img alt=\"Đặc sản châu á - Đậu hũ thối Trung Quốc\" src=\"https://sgp1.digitaloceanspaces.com/tz-mag-vn/wp-content/uploads/2019/04/111104044343/dac-san-chau-a-11.jpg\" style=\"width:600px\" /></p>\r\n\r\n<p>Đậu hũ thối Trung Quốc (<a href=\"https://www.cooky.vn/cong-thuc/dau-hu-sot-tu-xuyen-ngon-9567\">Cooky.vn)</a></p>\r\n\r\n<p>&nbsp;</p>\r\n\r\n<h3><strong>10. Đặc sản Ch&acirc;u &Aacute;: Cơm trộn H&agrave;n Quốc</strong></h3>\r\n\r\n<p>&nbsp;</p>\r\n\r\n<p>Cơm trộn H&agrave;n Quốc kh&ocirc;ng c&ograve;n xa lạ với hầu hết c&aacute;c du kh&aacute;ch ch&acirc;u &Aacute;. M&oacute;n ăn n&agrave;y xuất hiện nhiều tr&ecirc;n c&aacute;c bộ phim truyền h&igrave;nh H&agrave;n Quốc v&agrave; l&agrave; m&oacute;n ăn đặc trưng của đất nước phương Đ&ocirc;ng n&agrave;y. Cơm trộn c&ograve;n được gọi l&agrave; Bibimbap, được l&agrave;m bởi c&aacute;c nguy&ecirc;n liệu gồm cơm, rau, trứng, thịt th&aacute;i mỏng v&agrave; th&ecirc;m một số gia vị như ti&ecirc;u, ớt,&hellip; Bạn chỉ cần trộn l&ecirc;n v&agrave; &hellip;thưởng thức! Thật đơn giản, phải kh&ocirc;ng?</p>\r\n\r\n<p>&nbsp;</p>\r\n\r\n<p><img alt=\"Đặc sản châu á - Cơm trộn Hàn Quốc\" src=\"https://sgp1.digitaloceanspaces.com/tz-mag-vn/wp-content/uploads/2019/04/111104044848/dac-san-chau-a-12-772x309.jpg\" style=\"width:600px\" /></p>\r\n\r\n<p>Cơm trộn H&agrave;n Quốc (<a href=\"http://www.monngon.tv/cung-bat-tay-thuc-hien-cach-lam-com-tron-kim-chi-han-quoc-ngon-la-697.html\">M&oacute;n Ngon TV</a>)</p>\r\n\r\n<p>&nbsp;</p>\r\n\r\n<h3><strong>11. Phở Việt Nam</strong></h3>\r\n\r\n<p>&nbsp;</p>\r\n\r\n<p>Phở Việt Nam l&agrave; m&oacute;n ăn đặc sản ch&acirc;u &Aacute; được cả thế giới biết đến c&oacute; nhiều loại: phở b&ograve;, phở g&agrave;, phở ngan&hellip; M&oacute;n Phở được nấu từ b&aacute;nh phở dai, d&agrave;i, ăn k&egrave;m với rau thơm, l&aacute;t chanh th&aacute;i mỏng, ti&ecirc;u, ớt&hellip; T&ugrave;y mỗi v&ugrave;ng miền m&agrave; hương vị phở lại c&oacute; n&eacute;t ri&ecirc;ng biệt để ph&ugrave; hợp với th&oacute;i quen của người d&acirc;n.</p>\r\n\r\n<p>&nbsp;</p>\r\n\r\n<p><img alt=\"Đặc sản châu á -  Phở Việt Nam\" src=\"https://sgp1.digitaloceanspaces.com/tz-mag-vn/wp-content/uploads/2019/04/111104040606/dac-san-chau-a-1.jpg\" style=\"width:600px\" /></p>\r\n\r\n<p>Phở Việt Nam (<a href=\"http://healthplus.vn/ban-co-biet-viet-nam-co-bao-nhieu-loai-pho-d39338.html\">Healthplus.vn</a>)</p>\r\n\r\n<p>&nbsp;</p>\r\n\r\n<h3><strong>12. Đặc sản Ch&acirc;u &Aacute;: Nem Việt Nam</strong></h3>\r\n\r\n<p>&nbsp;</p>\r\n\r\n<p>Nem Việt Nam cũng l&agrave; một trong những m&oacute;n ăn rất hấp dẫn m&agrave; kh&ocirc;ng du kh&aacute;ch n&agrave;o c&oacute; thể bỏ qua. Việt Nam l&agrave;&nbsp;<strong>địa điểm du lịch ch&acirc;u &Aacute;</strong>&nbsp;nổi tiếng kh&ocirc;ng chỉ bởi cảnh sắc phong ph&uacute; m&agrave; c&ograve;n bởi văn h&oacute;a ẩm thực v&ocirc; c&ugrave;ng đa dạng. Nem Việt Nam l&agrave; sự kết hợp của những nguy&ecirc;n liệu sẵn c&oacute;, dễ t&igrave;m như miến, mộc nhĩ, trứng, thịt lợn, t&ocirc;m, nấm. Chỉ nh&igrave;n cuộn nem r&aacute;n v&agrave;ng gi&ograve;n th&ocirc;i l&agrave; đ&atilde; thấy cả sự tinh tế ở đ&oacute; rồi. Nem được ăn k&egrave;m với b&uacute;n, d&ugrave;ng nước chấm chua chua, cay cay, th&ecirc;m ch&uacute;t rau sống sẽ l&agrave; một lựa chọn kh&ocirc;ng-bao-giờ-khiến-bạn-hối-hận!</p>\r\n\r\n<p>&nbsp;</p>\r\n\r\n<p><img alt=\"Đặc sản châu á - Nem Việt Nam\" src=\"https://sgp1.digitaloceanspaces.com/tz-mag-vn/wp-content/uploads/2019/04/111104043636/dac-san-chau-a-8.jpg\" style=\"width:600px\" /></p>\r\n\r\n<p>Nem Việt Nam (<a href=\"https://yungluvfudvn.wordpress.com/2015/04/13/nem-viet-nam/\">yungluvfud &ndash; WordPress.com</a>)</p>\r\n\r\n<p>&nbsp;</p>\r\n\r\n<h3><strong>13. Sữa ngựa M&ocirc;ng Cổ</strong></h3>\r\n\r\n<p>&nbsp;</p>\r\n\r\n<p>Đặc sản ch&acirc;u &Aacute; tiếp theo l&agrave; một đặc trưng đến từ M&ocirc;ng Cổ, Airag. M&oacute;n uống n&agrave;y phổ biến đến nỗi người M&ocirc;ng Cổ lu&ocirc;n d&ugrave;ng n&oacute; trong mọi bữa ăn. Airag c&ograve;n được gọi l&agrave; sữa ngựa, c&oacute; h&agrave;m lượng vitamin rất cao v&agrave; gi&agrave;u dinh dưỡng cho cơ thể. Thưởng thức một cốc sữa ngựa ăn k&egrave;m với m&oacute;n s&uacute;p Guriltal Shul th&igrave; qu&aacute; tuyệt rồi, đ&uacute;ng kh&ocirc;ng?!.</p>\r\n\r\n<p>&nbsp;</p>\r\n\r\n<p><img alt=\"Đặc sản châu á - Sữa ngựa - Mông Cổ\" src=\"https://sgp1.digitaloceanspaces.com/tz-mag-vn/wp-content/uploads/2019/04/111104042727/dac-san-chau-a-6-1024x640.jpg\" style=\"width:600px\" /></p>\r\n\r\n<p>Sữa ngựa, M&ocirc;ng Cổ (<a href=\"https://www.pinterest.com/pin/442830575832362933/\">Pinterest</a>)</p>\r\n\r\n<p>&nbsp;</p>\r\n\r\n<h3><strong>14. Đặc sản Ch&acirc;u &Aacute;: S&uacute;p thịt vi&ecirc;n Indonesia</strong></h3>\r\n\r\n<p>&nbsp;</p>\r\n\r\n<p>S&uacute;p thịt vi&ecirc;n hay c&ograve;n được gọi l&agrave; Bakso l&agrave; m&oacute;n ăn nổi tiếng ở Jakarta, thủ đ&ocirc; Indonesia. M&oacute;n ăn n&agrave;y được l&agrave;m từ những vi&ecirc;n thịt to bản nấu c&ugrave;ng nước s&uacute;p ngọt lịm v&agrave; gi&agrave;u dinh dưỡng. Thịt sử dụng cho Bakso cũng đa dạng kh&ocirc;ng k&eacute;m, gồm thịt g&agrave;, thịt b&ograve; v&agrave; đ&ocirc;i khi l&agrave; c&aacute; sống. M&oacute;n ăn n&agrave;y được sử dụng c&ugrave;ng với ho&agrave;nh th&aacute;nh, trứng luộc hoặc ăn k&egrave;m h&agrave;nh t&acirc;y sống.</p>\r\n\r\n<p>&nbsp;</p>\r\n\r\n<p><img alt=\"Đặc sản châu á - súp thịt viên\" src=\"https://sgp1.digitaloceanspaces.com/tz-mag-vn/wp-content/uploads/2019/04/111104045757/dac-san-chau-a-14-1024x683.jpg\" style=\"width:600px\" /></p>\r\n\r\n<p>S&uacute;p thịt vi&ecirc;n (<a href=\"https://www.goodindonesianfood.com/story/en/jabodetabek-bakso-titoti/\">Good Indonesian Food</a>)</p>\r\n\r\n<p>&nbsp;</p>\r\n\r\n<h3><strong>15. Đặc sản Ch&acirc;u &Aacute;: B&uacute;n cay L&agrave;o</strong></h3>\r\n\r\n<p>&nbsp;</p>\r\n\r\n<p>Cuối c&ugrave;ng, m&oacute;n Khao Poon l&agrave; t&ecirc;n gọi của loai b&uacute;n cay nổi tiếng ở L&agrave;o cũng l&agrave; đặc sản m&agrave; bạn phải ăn &iacute;t nhất một lần trong đời. M&oacute;n b&uacute;n c&acirc;y n&agrave;y được chế biến gồm b&uacute;n sợi, rau thơm, h&agrave;nh l&aacute;, c&agrave; rốt nạo, thịt, gi&aacute;,&hellip; M&oacute;n ăn n&agrave;y c&oacute; hai loại, một loại gồm nước cốt dừa, một loại kh&ocirc;ng sử dụng nguy&ecirc;n liệu n&agrave;y. Khao Poon kh&ocirc;ng chỉ nổi tiếng ở L&agrave;o m&agrave; c&ograve;n nổi tiếng ở kh&aacute; nhiều quốc gia ch&acirc;u &Aacute; như Singapore hay Th&aacute;i Lan.</p>\r\n\r\n<p>&nbsp;</p>\r\n\r\n<p><img alt=\"Đặc sản châu á - bún cay Lào\" src=\"https://sgp1.digitaloceanspaces.com/tz-mag-vn/wp-content/uploads/2019/04/111104041616/dac-san-chau-a-4.jpg\" /></p>\r\n\r\n<p>B&uacute;n cay ở L&agrave;o (<a href=\"https://www.196flavors.com/laos-khao-poon-kapoon/\">196 flavors</a>)</p>\r\n\r\n<p>&nbsp;</p>\r\n\r\n<p>Với top 15 m&oacute;n&nbsp;<strong>đặc sản ch&acirc;u &Aacute;</strong>&nbsp;kể tr&ecirc;n, ch&uacute;c bạn c&oacute; chuyến h&agrave;nh tr&igrave;nh du lịch ch&acirc;u &Aacute; đầy &yacute; nghĩa với những gi&acirc;y ph&uacute;t tuyệt vời khi thưởng thức c&aacute;c m&oacute;n ăn ngon!</p>\r\n\r\n<p>&nbsp;</p>\r\n\r\n<p>Van Heaven</p>\r\n','2019-11-12 06:40:52','1','vietnam'),(70,4,'Nguồn: Google','37 món ngon ngày lạnh nóng hổi trôi cơm giúp tăng cường hệ miễn dịch','Ngày lạnh thức ăn rất dễ bị nguội lạnh','<h2><strong>12. B&uacute;n ngan, vịt</strong></h2>\r\n\r\n<h2><strong>13. Nem r&aacute;n</strong></h2>\r\n\r\n<h2><strong>14. Miến lươn</strong></h2>\r\n\r\n<h2><strong>15. B&uacute;n thang</strong></h2>\r\n\r\n<h2><strong>16. B&ograve; kho tương</strong></h2>\r\n\r\n<h2><strong>17. B&aacute;nh khoai, b&aacute;nh chuối, b&aacute;nh ng&ocirc; r&aacute;n</strong></h2>\r\n\r\n<h2><strong>18. Canh kim chi thịt b&ograve;</strong></h2>\r\n\r\n<h2><strong>19. Canh b&iacute; ng&ocirc; nấu thịt heo</strong></h2>\r\n\r\n<h2><strong>20. B&uacute;n chả</strong></h2>\r\n\r\n<h2><strong>21. B&uacute;n dọc m&ugrave;ng</strong></h2>\r\n\r\n<h2><strong>22. Ch&acirc;n gi&ograve; kho dứa</strong></h2>\r\n\r\n<h2><strong>23. Canh ốc đậu phụ cay</strong></h2>\r\n\r\n<h2><strong>24. Mực x&agrave;o gừng</strong></h2>\r\n\r\n<h2><strong>25. T&agrave;o phớ</strong></h2>\r\n\r\n<h2><strong>26. C&aacute;c loại ch&egrave; ngọt</strong></h2>\r\n\r\n<h2><strong>27. B&aacute;nh r&aacute;n</strong></h2>\r\n\r\n<h2><strong>28. Quẩy n&oacute;ng</strong></h2>\r\n\r\n<h2><strong>29. B&aacute;nh gối</strong></h2>\r\n\r\n<h2><strong>30. Kho quẹt</strong></h2>\r\n\r\n<h2><strong>31. B&aacute;nh đ&uacute;c n&oacute;ng</strong></h2>\r\n\r\n<h2><strong>32. Lẩu ri&ecirc;u cua</strong></h2>\r\n\r\n<h2><strong>33. Lẩu sườn sụn</strong></h2>\r\n\r\n<h2><strong>34. Ch&aacute;o chai</strong></h2>\r\n\r\n<h2><strong>35. Ch&aacute;o sườn</strong></h2>\r\n\r\n<h2><strong>36. Phở nước</strong></h2>\r\n\r\n<h2><strong>37. G&agrave; tần, chim tần</strong></h2>\r\n\r\n<p>M&oacute;n ngon m&ugrave;a lạnh sẽ thơm ngon, hấp dẫn, tốt v&agrave; an to&agrave;n nếu bạn chọn được thực phẩm tươi ngon, đảm bảo vệ sinh an to&agrave;n thực phẩm. Vậy n&ecirc;n t&igrave;m mua thực phẩm ở đ&acirc;u để đảm bảo chất lượng giữa v&ocirc; v&agrave;n địa chỉ b&aacute;n thực phẩm ngo&agrave;i thị trường?</p>\r\n\r\n<p>Đ&acirc;y l&agrave; c&acirc;u hỏi khiến người ti&ecirc;u d&ugrave;ng v&ocirc; c&ugrave;ng đau đầu khi t&igrave;m c&acirc;u trả lời, ngo&agrave;i thị trường c&oacute; v&ocirc; số địa chỉ cung cấp thực phẩm tươi sống tuy nhi&ecirc;n địa chỉ uy t&iacute;n kh&ocirc;ng nhiều, một trong những địa chỉ uy t&iacute;n m&agrave; c&aacute;c b&agrave; nội trợ c&oacute; thể t&igrave;m mua l&agrave; VinMart v&agrave; Adayroi.</p>\r\n\r\n<p>Đến đ&acirc;y c&aacute;c b&agrave; nội trợ sẽ t&igrave;m được thực phẩm tươi ngon, đảm bảo chất lượng nhất, được thay mới trong ng&agrave;y n&ecirc;n độ tươi ngon lu&ocirc;n l&agrave; yếu tố h&agrave;ng đầu. Nguồn nguy&ecirc;n liệu an to&agrave;n, mọi quy tr&igrave;nh sản xuất, thu hoạch, chế biến, giết mổ, đ&oacute;ng g&oacute;i,... đều được kiểm định chất lượng.</p>\r\n\r\n<p>Với mong muốn đem đến người ti&ecirc;u d&ugrave;ng&nbsp;<strong><a href=\"https://www.adayroi.com/thuc-pham-c591?utm_source=blog_article&amp;utm_medium=referral&amp;utm_campaign=d7702&amp;utm_term=37-mon-ngon-ngay-lanh-nong-hoi-troi-com-giup-tang-cuong-he-mien-dich\" target=\"_blank\">những loại thực phẩm hữu cơ tươi ngon v&agrave; đảm bảo nhất</a></strong>, VinMart v&agrave; Adayroi lu&ocirc;n kiểm định nguồn thực thực đầu v&agrave;o chặt chẽ nhất. Đến với VinMart v&agrave; Adayroi qu&yacute; kh&aacute;ch chắc chắn sẽ h&agrave;i l&ograve;ng với mọi thứ ở đ&acirc;y.</p>\r\n\r\n<p>Kh&ocirc;ng chỉ vậy, hiện nay tr&ecirc;n Adayroi đang c&oacute;&nbsp;<strong><a href=\"https://www.adayroi.com/combo-mon-ngon-suot-tuan-lp1620?utm_source=blog_article&amp;utm_medium=referral&amp;utm_campaign=d7702&amp;utm_term=37-mon-ngon-ngay-lanh-nong-hoi-troi-com-giup-tang-cuong-he-mien-dich\" target=\"_blank\">combo c&aacute;c m&oacute;n ăn ngon cho ng&agrave;y lạnh với đầy đủ dinh dưỡng</a></strong>, gi&uacute;p bạn lười ra khỏi nh&agrave; m&agrave; vẫn c&oacute; thực đơn ngon cho cả nh&agrave;.</p>\r\n\r\n<p>Những ng&agrave;y trở lạnh, cả nh&agrave; được qu&acirc;y quần b&ecirc;n m&acirc;m cơm gia đ&igrave;nh v&agrave; thưởng thức c&aacute;c m&oacute;n ấm n&oacute;ng th&igrave; kh&ocirc;ng c&ograve;n g&igrave; tuyệt vời hơn. Hy vọng với những chia sẻ về c&aacute;c m&oacute;n ngon ng&agrave;y lạnh ở tr&ecirc;n sẽ gi&uacute;p c&aacute;c b&agrave; nội trợ chế biến được nhiều m&oacute;n ăn ngon v&agrave; ph&ugrave; hợp cho những ng&agrave;y trời trở lạnh.</p>\r\n','2019-11-12 06:44:41','1','mualanh'),(71,4,'Nguồn: Google','Trời chuyển lạnh, làm ngay 5 món ăn nóng hổi, trôi cơm này đảm bảo cả nhà sướng mê','Các món ăn vừa nóng hổi lại đậm đà khiến bữa ăn ngày mưa lạnh thêm hấp dẫn','<p><strong>KHO QUẸT</strong></p>\r\n\r\n<p><strong>Nguy&ecirc;n liệu:</strong></p>\r\n\r\n<p>- 250g thịt ba chỉ (c&agrave;ng mỡ c&agrave;ng tốt)</p>\r\n\r\n<p>- 30g t&ocirc;m kh&ocirc;</p>\r\n\r\n<p>- 1 t&eacute;p tỏi nhỏ</p>\r\n\r\n<p>- Nửa củ h&agrave;nh kh&ocirc;, 1 c&acirc;y h&agrave;nh l&aacute; (kh&ocirc;ng bắt buộc), 1 quả ớt nhỏ (kh&ocirc;ng bắt buộc)</p>\r\n\r\n<p>- 2 th&igrave;a mắm, 1 th&igrave;a đường, 2 th&igrave;a nước (d&ugrave;ng nước ng&acirc;m t&ocirc;m kh&ocirc;), 1 th&igrave;a c&agrave; ph&ecirc; nước h&agrave;ng</p>\r\n\r\n<p><strong>C&aacute;ch l&agrave;m:</strong></p>\r\n\r\n<p>- Thịt ba chỉ lọc bỏ da, cắt ri&ecirc;ng mỡ v&agrave; thịt nạc, cắt hạt lựu cả hai thứ n&agrave;y. Tỏi b&oacute;c vỏ, bằm nhuyễn. H&agrave;nh kh&ocirc; b&oacute;c vỏ, th&aacute;i l&aacute;t mỏng. H&agrave;nh l&aacute; cắt kh&uacute;c nhỏ. T&ocirc;m kh&ocirc; ng&acirc;m nước n&oacute;ng cho nở mềm, vớt ra v&agrave; giữ lại nước ng&acirc;m t&ocirc;m.</p>\r\n\r\n<p>- M&oacute;n n&agrave;y d&ugrave;ng ni&ecirc;u đất l&agrave; ngon nhất, nhưng nếu kh&ocirc;ng c&oacute; th&igrave; cả nh&agrave; d&ugrave;ng chảo chống d&iacute;nh cũng được. Để lửa vừa, cho phần mỡ v&agrave;o v&agrave; rang để mỡ lỏng tiết ra từ từ. Trong qu&aacute; tr&igrave;nh rang nếu thấy mỡ bị d&iacute;nh chảo th&igrave; c&oacute; thể cho th&ecirc;m một ch&uacute;t dầu ăn v&agrave;o. Rang đến khi mỡ chuyển m&agrave;u v&agrave;ng n&acirc;u v&agrave; teo lại th&igrave; vớt ra để sang một b&ecirc;n.</p>\r\n\r\n<p>- Phần mỡ lỏng trong chảo nếu c&ograve;n nhiều th&igrave; c&oacute; thể bỏ bớt, chỉ giữ lại 2-3 th&igrave;a s&uacute;p. Tăng l&ecirc;n lửa trung b&igrave;nh &ndash; to, cho tỏi v&agrave; h&agrave;nh kh&ocirc; v&agrave;o phi cho thơm, sau đ&oacute; cho thịt nạc v&agrave; t&ocirc;m kh&ocirc; v&agrave;o x&agrave;o cho săn.</p>\r\n\r\n<p>- Pha nước sốt theo tỉ lệ: 1 nước mắm : 0,5 đường : 1 nước (d&ugrave;ng nước ng&acirc;m t&ocirc;m kh&ocirc; sẽ đậm đ&agrave; hơn). Tỉ lệ n&agrave;y cũng chỉ mang t&iacute;nh tham khảo th&ocirc;i n&ecirc;n c&aacute;c bạn c&oacute; thể n&ecirc;m nếm lại theo khẩu vị c&aacute; nh&acirc;n nh&eacute;. Phần sốt n&agrave;y nhiều hay &iacute;t ho&agrave;n to&agrave;n t&ugrave;y thuộc v&agrave;o sở th&iacute;ch của mọi người.</p>\r\n\r\n<p>- Cho phần nước sốt n&agrave;y v&agrave;o trộn với t&ocirc;m v&agrave; thịt, giảm xuống lửa vừa, đun th&ecirc;m khoảng 10-15 ph&uacute;t đến khi nước sốt cạn bớt v&agrave; hơi sệt lại. Cho h&agrave;nh xanh, ớt v&agrave; t&oacute;p mỡ v&agrave;o rồi tắt bếp. Dọn ra d&ugrave;ng n&oacute;ng.</p>\r\n\r\n<p>- Rau củ đủ c&aacute;c loại tươi ngon, ăn với nồi&nbsp;kho quẹt&nbsp;n&oacute;ng hổi đậm đ&agrave;, sốt mặn ngọt cay vừa phải, t&oacute;p mỡ gi&ograve;n tan. Ngo&agrave;i ra, x&ocirc;i, cơm ch&aacute;y hoặc cơm trắng cũng c&oacute; thể ăn c&ugrave;ng kho quẹt.</p>\r\n\r\n<p><img alt=\"troi chuyen lanh, lam ngay 5 mon an nong hoi, troi com nay dam bao ca nha suong me - 1\" src=\"https://cdn.eva.vn/upload/4-2018/images/2018-10-10/troi-chuyen-lanh-lam-ngay-5-mon-an-nong-hoi-troi-com-nay-dam-bao-ca-nha-suong-me-1-1539142022-122-width500height750.jpg\" /></p>\r\n\r\n<p><strong><a href=\"https://eva.vn/bep-eva/nem-ran-nong-hoi-gion-rum-ngay-mua-c162a232422.html\">NEM R&Aacute;N</a></strong></p>\r\n\r\n<p><strong>Nguy&ecirc;n liệu:</strong></p>\r\n\r\n<p>- Thịt nạc vai: 300g.</p>\r\n\r\n<p>- 30g miến dong, 2 c&aacute;i mọc nhĩ, 2 quả trứng vịt.</p>\r\n\r\n<p>- 1 củ c&agrave; rốt nhỏ, 1 củ h&agrave;nh t&acirc;y, 100g gi&aacute; đỗ, h&agrave;nh l&aacute;.</p>\r\n\r\n<p>- 1 thếp b&aacute;nh đa nem.</p>\r\n\r\n<p>- Gia vị, ti&ecirc;u, tỏi, chanh, ớt, giấm, đường, nước mắm.</p>\r\n\r\n<p><strong>C&aacute;ch l&agrave;m:</strong></p>\r\n\r\n<p>- Thịt nạc vai, rửa sạch, bằm hoặc xay nhỏ. Mọc nhĩ ng&acirc;m nước cho nở mềm, sau đ&oacute; rửa sạch, th&aacute;i sợi, xắt nhỏ. Miến cũng ng&acirc;m sơ qua nước lạnh cho mềm, vớt ra để r&aacute;o, d&ugrave;ng k&eacute;o cắt kh&uacute;c cỡ 1,5-2cm. Ch&uacute; &yacute; miến chỉ ng&acirc;m khoảng 2-3 ph&uacute;t cho sợi mềm, dễ cắt l&agrave; được, kh&ocirc;ng ng&acirc;m l&acirc;u qu&aacute; miến bị nhũn, nem kh&ocirc;ng ngon.</p>\r\n\r\n<p>- H&agrave;nh t&acirc;y, b&oacute;c vỏ, rửa sạch, th&aacute;i l&aacute;t mỏng, sau đ&oacute; cắt nhỏ. C&agrave; rốt gọt vỏ, rửa sạch, th&aacute;i l&aacute;t mỏng sau đ&oacute; th&aacute;i sợi. Gi&aacute; đỗ rửa sạch, vớt ra để r&aacute;o, d&ugrave;ng tay b&oacute;p n&aacute;t cho bớt nước để nh&acirc;n nem kh&ocirc;ng bị ra nước khi g&oacute;i. H&agrave;nh l&aacute; cắt rễ, rửa sạch, xắt nhỏ. Ch&uacute; &yacute;: để m&oacute;n nem ngon, kh&ocirc;ng bị n&aacute;t th&igrave; c&aacute;c nguy&ecirc;n liệu kh&ocirc;ng xắt nhỏ qu&aacute; v&agrave; độ d&agrave;i của c&aacute;c loại nguy&ecirc;n liệu n&ecirc;n d&agrave;i ngắn kh&aacute;c nhau.</p>\r\n\r\n<p>- Cho tất cả c&aacute;c nguy&ecirc;n liệu tr&ecirc;n v&agrave;o một c&aacute;i t&ocirc; lớn, trộn đều với ch&uacute;t gia vị, ti&ecirc;u cho vừa khẩu vị, để khoảng 5&rsquo; cho nh&acirc;n ngấm gia vị.</p>\r\n\r\n<p>- Cho l&ograve;ng đỏ trứng vịt v&agrave;o t&ocirc; chứa nh&acirc;n nem ở tr&ecirc;n trộn đều. Để nh&acirc;n nem kh&ocirc;ng bị ướt qu&aacute; th&igrave; m&igrave;nh chỉ sử dụng l&ograve;ng đỏ trứng, kh&ocirc;ng d&ugrave;ng l&ograve;ng trắng.</p>\r\n\r\n<p>- Lấy &frac12; b&aacute;t nước th&ecirc;m khoảng 1 th&igrave;a dấm gạo, khuấy đều, hỗn hợp n&agrave;y d&ugrave;ng để l&agrave;m mềm b&aacute;nh khi g&oacute;i v&agrave; c&oacute; t&aacute;c dụng gi&uacute;p nem gi&ograve;n, đẹp hơn khi r&aacute;n. Trải 1 c&aacute;i b&aacute;nh đa nem ra thớt, d&ugrave;ng hỗn hợp nước &ndash;dấm ở tr&ecirc;n để l&agrave;m mềm b&aacute;nh trước khi g&oacute;i. Lấy 1 th&igrave;a nh&acirc;n đặt v&agrave;o vị tr&iacute; khoảng &frac14; b&aacute;nh từ dưới l&ecirc;n, d&agrave;n đều nh&acirc;n sang hai b&ecirc;n t&ugrave;y theo k&iacute;ch thước của cuốn nem m&agrave; bạn muốn. Sau đ&oacute;, gấp 2 m&eacute;p v&agrave; cuộn k&iacute;n. Kh&ocirc;ng n&ecirc;n cuốn chặt tay, nếu cuốn chặt qu&aacute; khi bạn chi&ecirc;n nem rất dễ bị bục.</p>\r\n\r\n<p>- Bạn thực hiện như tr&ecirc;n cho đến khi hết lượng nh&acirc;n đ&atilde; chuẩn bị.</p>\r\n\r\n<p>- Bắc chảo l&ecirc;n bếp, cho dầu ăn v&agrave;o đun n&oacute;ng, lượng dầu sao cho ngập nem hoặc khoảng 2/3 c&aacute;i nem l&agrave; được. Dầu s&ocirc;i, thả nem v&agrave;o r&aacute;n cho đến khi nem ch&iacute;n v&agrave;ng đều l&agrave; được. Để nem tr&ograve;n, m&agrave;u đẹp bạn phải đun dầu thật n&oacute;ng gi&agrave;, vặn nhỏ lửa, thả nem v&agrave;o r&aacute;n v&agrave; khi bạn thả nem v&agrave;o chảo dầu, ch&uacute; &yacute; lăn đều sao cho xung quanh nem vỏ b&aacute;nh se lại sau đ&oacute; mới r&aacute;n ch&iacute;n từng mặt.</p>\r\n\r\n<p>- Trong l&uacute;c chờ nem ch&iacute;n, bạn chuẩn bị pha nước chấm nem. Tỏi b&oacute;c vỏ, rửa sạch, th&aacute;i l&aacute;t mỏng sau đ&oacute; băm nhỏ. Ớt rửa sạch v&agrave; cũng băm nhỏ. Chanh gọt vỏ, bổ đ&ocirc;i, vắt lấy nước cốt. Bạn pha nước chấm nem theo tỷ lệ 1 mắm: 1 đường: 1 nước cốt chanh v&agrave; 4-5 nước t&ugrave;y thuộc v&agrave;o độ mặn của nước mắm bạn d&ugrave;ng. H&ograve;a tan ho&agrave;n to&agrave;n hỗn hợp tr&ecirc;n, sau đ&oacute; cho tỏi, ớt đ&atilde; bằm nhỏ v&agrave;o trộn đều. Để c&oacute; một b&aacute;t nước chấm ngon, tỏi ớt nổi đẹp mắt th&igrave; tỏi chỉ bằm nhỏ, kh&ocirc;ng được đập giập, chanh trước khi vắt n&ecirc;n gọt vỏ.</p>\r\n\r\n<p>- Những chiếc nem r&aacute;n gi&ograve;n, v&agrave;ng đều, thơm phức chấm c&ugrave;ng b&aacute;t nước mắm chua ngọt, ăn c&ugrave;ng ch&uacute;t rau x&agrave; l&aacute;ch, rau thơm thực sự l&agrave; m&oacute;n ăn hấp dẫn bạn.</p>\r\n\r\n<p><img alt=\"troi chuyen lanh, lam ngay 5 mon an nong hoi, troi com nay dam bao ca nha suong me - 2\" src=\"https://cdn.eva.vn/upload/4-2018/images/2018-10-10/troi-chuyen-lanh-lam-ngay-5-mon-an-nong-hoi-troi-com-nay-dam-bao-ca-nha-suong-me-2-1539142022-839-width1000height666.jpeg\" style=\"width:660px\" /></p>\r\n\r\n<p><strong>THỊT RIM MẮM SA TẾ</strong></p>\r\n\r\n<p><strong>Nguy&ecirc;n liệu:</strong></p>\r\n\r\n<p>- 700 gr thịt ba chỉ, chọn miếng thịt c&oacute; mỡ nhiều 1 ch&uacute;t</p>\r\n\r\n<p>- 200 gr t&ocirc;m kh&ocirc;; 2 muỗng canh tỏi băm; 2 củ h&agrave;nh t&iacute;m th&aacute;i l&aacute;t mỏng; 1 muỗng canh đầy sa tế; v&agrave;i tr&aacute;i ớt tr&aacute;i ớt (t&ugrave;y v&agrave;o khẩu vị, c&oacute; thể &iacute;t hoặc nhiều hơn); 3 kh&uacute;c phần trắng h&agrave;nh l&aacute;</p>\r\n\r\n<p>- 3 muỗng canh đường n&acirc;u (60gr), 5 muỗng canh nước mắm ngon, 3 muỗng canh nước h&ograve;a chung trong một b&aacute;t</p>\r\n\r\n<p><strong>C&aacute;ch l&agrave;m:</strong></p>\r\n\r\n<p>- T&ocirc;m kh&ocirc; ng&acirc;m v&agrave;o nước ấm khoảng 20 ph&uacute;t sau đ&oacute; vớt ra b&aacute;t.</p>\r\n\r\n<p>- Thịt heo rửa sạch, cắt bỏ phần da (b&igrave;), sau đ&oacute; th&aacute;i miếng kh&ocirc;ng qu&aacute; to. Ướp thịt với ch&uacute;t muối.</p>\r\n\r\n<p>- Thịt cho v&agrave;o chảo, bắc l&ecirc;n bếp x&agrave;o lửa hơi thấp. Cứ d&ugrave;ng đũa x&agrave;o 1 l&uacute;c l&agrave; thịt tứa mỡ. L&uacute;c n&agrave;y bạn mới cho h&agrave;nh tỏi v&agrave;o x&agrave;o 1-2 ph&uacute;t cho thơm.</p>\r\n\r\n<p>- Tiếp đến cho t&ocirc;m kh&ocirc; v&agrave; ch&eacute;n nước mắm v&agrave;o rim nhỏ lửa khoảng 10-15 ph&uacute;t cho thịt thấm vị.</p>\r\n\r\n<p>- Cuối c&ugrave;ng cho sa tế v&agrave; ớt c&ugrave;ng h&agrave;nh l&aacute; v&agrave;o, tiếp tục rim th&ecirc;m 5-7 ph&uacute;t cho thịt c&oacute; m&agrave;u n&oacute;ng m&agrave;u đẹp. N&ecirc;m nếm lại cho vừa ăn l&agrave; tắt bếp.</p>\r\n\r\n<p>- Thịt rim mắm sa tế thơm ngon, b&oacute;ng bẩy v&agrave; c&oacute; m&agrave;u v&agrave;ng đẹp tr&ocirc;ng rất hấp dẫn.</p>\r\n\r\n<p>- Cho&nbsp;thịt rim mắm sa tế&nbsp;ra b&aacute;t hoặc nồi giữ được nhiệt, thưởng thức c&ugrave;ng cơm hoặc chấm cơm ch&aacute;y, x&ocirc;i hay rau luộc đều rất ngon.</p>\r\n\r\n<p><img alt=\"troi chuyen lanh, lam ngay 5 mon an nong hoi, troi com nay dam bao ca nha suong me - 3\" src=\"https://cdn.eva.vn/upload/4-2018/images/2018-10-10/troi-chuyen-lanh-lam-ngay-5-mon-an-nong-hoi-troi-com-nay-dam-bao-ca-nha-suong-me-3-1539142022-36-width960height720.jpg\" style=\"width:660px\" /></p>\r\n\r\n<p><strong>C&Aacute; CƠM RIM TỎI ỚT</strong></p>\r\n\r\n<p><strong>Nguy&ecirc;n liệu:</strong></p>\r\n\r\n<p>- 300g c&aacute; cơm kh&ocirc;</p>\r\n\r\n<p>- 1 củ tỏi</p>\r\n\r\n<p>- 1 quả ớt đỏ - 1 muỗng canh đường c&aacute;t - 1 muỗng canh nước mắm - 1 muỗng canh dầu ăn - 1 muỗng canh m&egrave; trắng rang - &frac14; quả chanh</p>\r\n\r\n<p><strong>C&aacute;ch l&agrave;m:</strong></p>\r\n\r\n<p>- C&aacute; cơm kh&ocirc; ng&acirc;m v&agrave;o nước khoảng 15 ph&uacute;t cho c&aacute; mềm, rửa sạch rồi để r&aacute;o. Nếu kh&ocirc;ng th&iacute;ch đầu c&aacute; th&igrave; bạn ngắt bỏ đầu v&agrave; rửa lại cho thật sạch, để l&ecirc;n rổ cho r&aacute;o nước. (Nh&agrave; m&igrave;nh th&iacute;ch ăn c&aacute; đầu c&aacute; n&ecirc;n c&aacute; m&igrave;nh kh&ocirc;ng bỏ đầu nh&eacute;).</p>\r\n\r\n<p>- Tỏi lột vỏ, băm nhuyễn. Ớt đỏ bỏ hạt băm nhuyễn.</p>\r\n\r\n<p>- Đặt chảo l&ecirc;n bếp, cho dầu ăn v&agrave;o đun s&ocirc;i rồi cho tỏi ớt v&agrave;o phi thơm.</p>\r\n\r\n<p>- Tiếp đ&oacute;, cho c&aacute; cơm v&agrave;o đảo đều l&ecirc;n.</p>\r\n\r\n<p>- Trong l&uacute;c đ&oacute;, pha nước măm với đường th&agrave;nh hỗn hợp mắm đường với vị mặn ngọt t&ugrave;y khẩu vị.</p>\r\n\r\n<p>- Khi c&aacute; cơm ch&iacute;n v&agrave;ng đều th&igrave; cho hỗn hợp mắm đường đảo đều.</p>\r\n\r\n<p>- Đun với lửa nhỏ cho đến khi c&aacute; cơm ngấm đều vị. Tiếp đ&oacute;, cho m&egrave; rang l&ecirc;n tr&ecirc;n trộn đều rồi tắt bếp.</p>\r\n\r\n<p>- Khi ăn vắt nước quả chanh rồi trộn đều c&ugrave;ng với c&aacute; cơm kh&ocirc;. M&oacute;n ăn sẽ dậy l&ecirc;n vị chua chua ngọt ngọt rất thơm ngon. M&uacute;c ra đĩa ăn với cơm trắng hoặc d&ugrave;ng l&agrave;m m&oacute;n nhắm đều ngon.</p>\r\n\r\n<p>- Với nh&agrave; m&igrave;nh, chỉ cần đĩa c&aacute; cơm chi&ecirc;n tỏi ớt, th&ecirc;m b&aacute;t cơm trắng dẻo n&oacute;ng hổi nữa l&agrave; ngon lắm rồi.</p>\r\n\r\n<p><img alt=\"troi chuyen lanh, lam ngay 5 mon an nong hoi, troi com nay dam bao ca nha suong me - 4\" src=\"https://cdn.eva.vn/upload/4-2018/images/2018-10-10/troi-chuyen-lanh-lam-ngay-5-mon-an-nong-hoi-troi-com-nay-dam-bao-ca-nha-suong-me-4-1539142022-382-width650height488.jpg\" /></p>\r\n\r\n<p><strong>C&Aacute; TRẮM KHO RIỀNG</strong></p>\r\n\r\n<p><strong>Nguy&ecirc;n liệu:</strong></p>\r\n\r\n<p>- C&aacute; trắm: 600g</p>\r\n\r\n<p>- Thịt ba chỉ: 200g</p>\r\n\r\n<p>- Riềng củ</p>\r\n\r\n<p>- H&agrave;nh, răm, th&igrave; l&agrave;</p>\r\n\r\n<p>- Gia vị</p>\r\n\r\n<p><img alt=\"troi chuyen lanh, lam ngay 5 mon an nong hoi, troi com nay dam bao ca nha suong me - 5\" src=\"https://cdn.eva.vn/upload/4-2018/images/2018-10-10/troi-chuyen-lanh-lam-ngay-5-mon-an-nong-hoi-troi-com-nay-dam-bao-ca-nha-suong-me-5-1539142022-201-width650height481.jpg\" /></p>\r\n\r\n<p><strong>C&aacute;ch l&agrave;m:</strong></p>\r\n\r\n<p>- C&aacute; l&agrave;m sạch, để r&aacute;o nước rồi ướp với ch&uacute;t bột canh, bột ngọt, ti&ecirc;u, x&igrave; dầu.</p>\r\n\r\n<p>- C&agrave; chua th&aacute;i miếng cau, ớt th&aacute;i l&aacute;t nhỏ, riềng cắt miếng mỏng, h&agrave;nh, rau răm, th&igrave; l&agrave; th&aacute;i nhỏ.</p>\r\n\r\n<p>- Thịt ba chỉ rửa sạch, th&aacute;i miếng vu&ocirc;ng.</p>\r\n\r\n<p>- Lần lượt xếp riềng, c&agrave; chua xuống đ&aacute;y nồi kho c&aacute;, tiếp đến l&agrave; thịt ba chỉ, c&aacute;. Th&ecirc;m 2 th&igrave;a nước mắm, 1 th&igrave;a x&igrave; dầu, ớt th&aacute;i l&aacute;t v&agrave;o nồi kho c&aacute; rồi đặt l&ecirc;n bếp đun khoảng 30 ph&uacute;t. Trong qu&aacute; tr&igrave;nh kho c&aacute;, khi nồi bắt đầu s&ocirc;i, th&ecirc;m v&agrave;o 1,5 b&aacute;t ăn cơm nước lọc. Thắng nước đường l&agrave;m nước h&agrave;ng cho v&agrave;o nồi kho c&aacute;.</p>\r\n\r\n<p>- Khi nồi kho c&aacute; cạn nước, th&ecirc;m ch&uacute;t h&agrave;nh, rau răm, th&igrave; l&agrave; th&aacute;i nhỏ v&agrave;o rồi tắt bếp. Để c&aacute; nguội bớt, sau đ&oacute; cho ra đĩa, ăn với cơm n&oacute;ng.</p>\r\n\r\n<p>C&aacute; kho khi ăn nguội thịt sẽ chắc, ngon hơn.</p>\r\n','2019-11-12 06:45:37','1','vietnam'),(74,5,'Nguồn: Google',' 25 món ngon mùa hè oi ả dễ làm giúp mát gan giải nhiệt tránh mụn nhọt','Mùa hè thời tiết rất nóng nực nên những bà nội trợ cũng nên lưu ý bổ sung các món ăn có tính mát','<h2><strong>1. Canh trứng</strong></h2>\r\n\r\n<p>M&oacute;n ngon m&ugrave;a h&egrave; dễ l&agrave;m lại c&oacute; t&iacute;nh giải nhiệt thường xuy&ecirc;n xuất hiện trong bữa ăn hằng ng&agrave;y đ&oacute; ch&iacute;nh l&agrave; canh trứng. M&oacute;n ăn ng&agrave;y h&egrave; n&oacute;ng bức n&agrave;y c&oacute; c&aacute;ch chế biến cực kỳ đơn giản m&agrave; bất kỳ ai cũng c&oacute; thể nấu được. C&agrave; chua rửa sạch để r&aacute;o nước sau đ&oacute; cắt miếng cau vừa ăn. H&agrave;nh hoa rửa sạch sau đ&oacute; cắt nhỏ.</p>\r\n\r\n<p><strong><a href=\"https://www.adayroi.com/trung-ga-c613?utm_source=blog_article&amp;utm_medium=referral&amp;utm_campaign=d7703&amp;utm_term=25-mon-ngon-mua-he-oi-a-de-lam-giup-mat-gan-giai-nhiet-tranh-mun-nhot\" target=\"_blank\">Trứng tươi sạch đ&atilde; được chọn lọc</a></strong>&nbsp;đập ra ch&eacute;n cho một &iacute;t gia vị v&agrave;o đ&aacute;nh cho đều l&ecirc;n. Đặt nồi l&ecirc;n bếp phi h&agrave;nh c&ugrave;ng dầu ăn cho thơm, sau đ&oacute; cho c&agrave; chua v&agrave;o x&agrave;o c&ugrave;ng với hạt n&ecirc;m v&agrave; gia vị. C&agrave; chua x&agrave;o cho đến khi ch&iacute;n th&igrave; cho một lượng nước vừa ăn v&agrave;o nồi. Đun cho đến khi nước s&ocirc;i l&ecirc;n th&igrave; n&ecirc;m gia vị một lần nữa cho vừa ăn. Sau đ&oacute; vừa đổ trứng v&agrave;o vừa khuấy cho đều tay cho đến khi nước s&ocirc;i trở lại khoảng 1 đến 2 ph&uacute;t th&igrave; tắt bếp. Cho th&ecirc;m &iacute;t h&agrave;nh hoa đ&atilde; sắc v&agrave;o nồi canh, như vậy l&agrave; bạn đ&atilde; c&oacute; được một m&oacute;n ăn cực kỳ m&aacute;t cho những ng&agrave;y h&egrave; n&oacute;ng nực.</p>\r\n\r\n<p><img alt=\"Canh trứng là món ăn ngon bổ dưỡng cho mùa hè\" src=\"https://cdn02.static-adayroi.com/0/2019/03/19/1552972153831_9553081.jpg\" /></p>\r\n\r\n<p><em>Canh trứng l&agrave; m&oacute;n ăn ngon bổ dưỡng cho m&ugrave;a h&egrave; (Nguồn: youtube.com)</em></p>\r\n\r\n<h2><strong>2. Gỏi mướp đắng tai heo</strong></h2>\r\n\r\n<p>Một m&oacute;n ngon m&ugrave;a h&egrave; kh&aacute;c m&agrave; c&aacute;c b&agrave; nội trợ c&oacute; thể chế biến trong bữa cơm gia đ&igrave;nh đ&oacute; l&agrave; gỏi mướp đắng tai heo. Tai heo rửa sạch c&ugrave;ng một &iacute;t muối sau đ&oacute; đem luộc ch&iacute;n. Sau khi tai heo ch&iacute;n vớt ra ng&acirc;m liền v&agrave;o c&ugrave;ng nước lạnh.</p>\r\n\r\n<p>Mướp đắng rửa sạch sau đ&oacute; cắt dọc, bỏ hết ruột b&ecirc;n trong, sau đ&oacute; cắt mỏng v&agrave; ng&acirc;m v&agrave;o nước khoảng 20 ph&uacute;t. C&agrave; rốt gọt vỏ sau đ&oacute; rửa sạch v&agrave; th&aacute;i sợi, ớt bỏ ruột, vừng trắng rang ch&iacute;n, h&agrave;nh t&iacute;m cắt mỏng. Mướp đắng sau khi đ&atilde; ng&acirc;m th&igrave; vớt ra để r&aacute;o nước sau đ&oacute; cho v&agrave;o t&ocirc;, tiếp đ&oacute; cho c&agrave; rốt, ớt chu&ocirc;ng th&aacute;i sợi v&agrave;o chung.</p>\r\n\r\n<p><strong><a href=\"https://www.adayroi.com/nuoc-mam-c3325600639751167?utm_source=blog_article&amp;utm_medium=referral&amp;utm_campaign=d7703&amp;utm_term=25-mon-ngon-mua-he-oi-a-de-lam-giup-mat-gan-giai-nhiet-tranh-mun-nhot\" target=\"_blank\">Pha nước mắm nguy&ecirc;n chất đậm đ&agrave;</a></strong>&nbsp;c&ugrave;ng đường, chanh v&agrave; ớt băm nhuyễn sao cho vừa ăn. Sau đ&oacute; cho nước chấm n&agrave;y v&agrave;o trộn đều c&ugrave;ng t&ocirc; mướp đắng, c&agrave; rốt. Tai heo sau khi đ&atilde; nguội th&igrave; cắt mỏng th&agrave;nh miếng vừa ăn. Sau đ&oacute; cho tai heo v&ocirc; c&ugrave;ng t&ocirc; gỏi đ&atilde; chuẩn bị đảo đều v&agrave; cho &iacute;t nước chấm đ&atilde; pha l&ecirc;n tr&ecirc;n. Tiếp đ&oacute; cho gỏi ra dĩa, sau đ&oacute;&nbsp;<strong><a href=\"https://www.adayroi.com/rau-gia-vi-c647?utm_source=blog_article&amp;utm_medium=referral&amp;utm_campaign=d7703&amp;utm_term=25-mon-ngon-mua-he-oi-a-de-lam-giup-mat-gan-giai-nhiet-tranh-mun-nhot\" target=\"_blank\">cho &iacute;t rau thơm gia vị tăng hương m&oacute;n ăn</a></strong>&nbsp;l&ecirc;n tr&ecirc;n v&agrave; rắc vừng trắng l&ecirc;n. Bạn sẽ c&oacute; được một dĩa gỏi v&ocirc; c&ugrave;ng thơm ngon hấp dẫn.</p>\r\n\r\n<p>&nbsp;</p>\r\n\r\n<p>&nbsp;</p>\r\n\r\n<h2><strong>3. Ốc luộc</strong></h2>\r\n\r\n<p>N&ecirc;n nấu m&oacute;n ngon cuối tuần ng&agrave;y h&egrave; n&agrave;o để ăn trong bữa cơm gia đ&igrave;nh c&ugrave;ng bạn b&egrave; th&igrave; ốc luộc l&agrave; m&oacute;n ăn bạn kh&ocirc;ng n&ecirc;n bỏ qua. Bạn n&ecirc;n chọn mua ốc bươu hay ốc m&iacute;t, sau đ&oacute; ng&acirc;m trong thau, cắt bỏ một &iacute;t ớt v&agrave;o ng&acirc;m chung. Bạn cũng n&ecirc;n bỏ th&ecirc;m v&agrave;i muỗng inox v&agrave;o ng&acirc;m c&ugrave;ng ốc khoảng 2 giờ. Sau đ&oacute; rửa sạch ốc bằng nhiều nước.</p>\r\n\r\n<p>Bỏ ốc v&agrave;o nồi sau đ&oacute; cho một lớp sả đập dập c&ugrave;ng l&aacute; chanh, sau đ&oacute; th&ecirc;m một lớp ốc v&agrave; tr&ecirc;n c&ugrave;ng l&agrave; lớp sả v&agrave; l&aacute; chanh, đổ v&agrave;o nồi khoảng nửa ch&eacute;n nước. Luộc ốc khoảng 20 ph&uacute;t. Pha nước chấm ốc từ l&aacute; chanh, đường, nước mắm, gừng v&agrave; vắt một &iacute;t tắc rồi khuấy đều. Như vậy l&agrave; bạn c&oacute; được một m&oacute;n ốc luộc chi&ecirc;u đ&atilde; cả gia đ&igrave;nh trong ng&agrave;y h&egrave;.</p>\r\n\r\n<p><img alt=\"Ốc luộc là sự lựa chọn hợp lý cho mùa hè nóng bức\" src=\"https://cdn02.static-adayroi.com/0/2019/03/19/1552972154176_8921140.jpg\" /></p>\r\n\r\n<p><em>Ốc luộc l&agrave; sự lựa chọn hợp l&yacute; cho m&ugrave;a h&egrave; n&oacute;ng bức (Nguồn: baomoi.com)</em></p>\r\n\r\n<h2><strong>4. Nộm đu đủ t&ocirc;m</strong></h2>\r\n\r\n<p>Một m&oacute;n ngon m&ugrave;a h&egrave; kh&aacute;c bạn cũng c&oacute; thể chế biến cho cả gia đ&igrave;nh m&igrave;nh thưởng thức trong dịp cuối tuần nữa l&agrave; nộm đu đủ t&ocirc;m. M&oacute;n ăn n&agrave;y c&oacute; c&aacute;ch chế biến v&ocirc; c&ugrave;ng đơn giản m&agrave; bất cứ b&agrave; nội trợ n&agrave;o cũng c&oacute; thể tự thực hiện được.</p>\r\n\r\n<p>Đu đủ xanh v&agrave; c&agrave; rốt gọt vỏ sau đ&oacute; rửa sạch để r&aacute;o nước rồi b&agrave;o th&agrave;nh sợi, sau đ&oacute; rửa sạch lại một lần nữa với nước lạnh. Cho đu đủ v&agrave; c&agrave; rốt b&agrave;o v&agrave;o t&ocirc; cho th&ecirc;m một ch&uacute;t muối ng&acirc;m khoảng 15 ph&uacute;t rồi vắt cho kh&ocirc; nước.</p>\r\n\r\n<p><strong><a href=\"https://www.adayroi.com/tom-tuoi-c598?utm_source=blog_article&amp;utm_medium=referral&amp;utm_campaign=d7703&amp;utm_term=25-mon-ngon-mua-he-oi-a-de-lam-giup-mat-gan-giai-nhiet-tranh-mun-nhot\" target=\"_blank\">T&ocirc;m tươi gi&agrave;u dinh dưỡng</a></strong>&nbsp;đem rửa sạch sau đ&oacute; luộc ch&iacute;n rồi b&oacute;c vỏ. Rau thơm đem rửa sạch sau đ&oacute; cắt nhỏ, tỏi v&agrave; ớt cắt nhỏ, chanh vắt lấy nước. Pha nước trộn nộm gồm nước mắm, đường, nước cốt chanh c&ugrave;ng ớt v&agrave; tỏi băm, khuấy đều. Lạc rang ch&iacute;n sau đ&oacute; bỏ vỏ v&agrave; đ&acirc;m n&aacute;t. Cho đu đủ c&agrave; rốt b&agrave;o sợi v&agrave;o t&ocirc; c&ugrave;ng t&ocirc;m luộc b&oacute;c vỏ v&agrave; rau thơm, trộn đều c&ugrave;ng nước chấm đ&atilde; pha. Sau đ&oacute; cho ra dĩa rắc l&ecirc;n tr&ecirc;n rau thơm băm nhuyễn v&agrave; lạc rang.</p>\r\n\r\n<p><img alt=\"Gỏi đu đủ tôm dễ làm và cực kỳ thơm ngon\" src=\"https://cdn02.static-adayroi.com/0/2019/03/19/1552972153803_6345161.jpg\" /></p>\r\n\r\n<p><em>Gỏi đu đủ t&ocirc;m dễ l&agrave;m v&agrave; cực kỳ thơm ngon (Nguồn: youtube.com)</em></p>\r\n\r\n<h2><strong>5. Ba chỉ cuộn rau củ</strong></h2>\r\n\r\n<p>Đ&acirc;y l&agrave; một m&oacute;n ngon m&ugrave;a h&egrave; đ&atilde;i kh&aacute;ch m&agrave; b&agrave; nội trợ n&ecirc;n biết để c&oacute; thể chi&ecirc;u đ&atilde;i những vị kh&aacute;ch đến nh&agrave; m&igrave;nh trong dịp cuối tuần. Cần t&acirc;y với c&agrave; rốt rửa sạch sau đ&oacute; th&aacute;i mỏng,&nbsp;<strong><a href=\"https://www.adayroi.com/nam-c646?utm_source=blog_article&amp;utm_medium=referral&amp;utm_campaign=d7703&amp;utm_term=25-mon-ngon-mua-he-oi-a-de-lam-giup-mat-gan-giai-nhiet-tranh-mun-nhot\" target=\"_blank\">nấm mỡ tươi ngon an to&agrave;n vệ sinh thực phẩm</a></strong>&nbsp;rửa sạch sau đ&oacute; th&aacute;i l&aacute;t. Cho cần t&acirc;y v&agrave; c&agrave; rốt v&ocirc; chảo x&agrave;o cho ch&iacute;n rồi gắp ra đĩa. Cho nấm mỡ v&agrave;o chi&ecirc;n v&agrave;ng rồi tắt bếp.</p>\r\n\r\n<p><strong><a href=\"https://www.adayroi.com/thit-heo-c601?utm_source=blog_article&amp;utm_medium=referral&amp;utm_campaign=d7703&amp;utm_term=25-mon-ngon-mua-he-oi-a-de-lam-giup-mat-gan-giai-nhiet-tranh-mun-nhot\" target=\"_blank\">Thịt ba chỉ mua loại cắt l&aacute;t mỏng d&agrave;i sẵn</a></strong>, sau khi về rửa sạch để r&aacute;o. Cho c&agrave; rốt, cần t&acirc;y v&agrave; nấm x&agrave;o l&ecirc;n miếng thịt ba chỉ rồi cuộn lại. L&agrave;m n&oacute;ng chảo bằng dầu ăn sau đ&oacute; cho thịt ba chỉ cuộn rau củ v&agrave;o chi&ecirc;n v&agrave;ng c&aacute;c mặt. Pha nước chấm từ x&igrave; dầu, đường, dầu m&egrave;, muối v&agrave; một &iacute;t nước. Rưới hỗn hợp n&agrave;y l&ecirc;n thịt ba chỉ đ&atilde; chi&ecirc;n xong l&agrave; bạn c&oacute; được một m&oacute;n ăn v&ocirc; c&ugrave;ng hấp dẫn.</p>\r\n\r\n<p><img alt=\"Chiên thịt ba chỉ cuộn rau củ trên chảo dầu\" src=\"https://cdn02.static-adayroi.com/0/2019/03/19/1552972154149_6598075.jpg\" /></p>\r\n\r\n<p><em>Chi&ecirc;n thịt ba chỉ cuộn rau củ tr&ecirc;n chảo dầu (Nguồn: baomoi.com)</em></p>\r\n\r\n<h2><strong>6. Gỏi c&oacute;c kh&ocirc; b&ograve; sợi</strong></h2>\r\n\r\n<p>Gỏi c&oacute;c cũng l&agrave; một m&oacute;n ăn v&ocirc; c&ugrave;ng m&aacute;t v&agrave; bổ dưỡng cho ng&agrave;y h&egrave;. Đặc biệt sự kết hợp của c&oacute; c&ugrave;ng kh&ocirc; b&ograve; sẽ cho người d&ugrave;ng hương vị v&ocirc; c&ugrave;ng mới lạ. Nguy&ecirc;n liệu để chế biến m&oacute;n ngon m&ugrave;a h&egrave; n&agrave;y l&agrave; c&oacute;c, kh&ocirc; b&ograve;, rau thơm, tỏi băm gia vị.</p>\r\n\r\n<p>C&oacute;c rửa sạch cạo vỏ, sau đ&oacute; b&agrave;o th&agrave;nh từng sợi. Ớt cắt mỏng, tỏi băm nhuyễn, rau thơm rửa sạch rồi sau đ&oacute; cắt nhỏ. Pha nước trộn gỏi từ 3 muỗng nước mắm, 2 muỗng đường, h&ograve;a tan th&ecirc;m ớt v&agrave; tỏi băm v&agrave;o. Cho từ từ phần nước chấm n&agrave;y v&agrave;o t&ocirc; c&oacute;c b&agrave;o sợi trộn đều v&agrave; để khoảng 10 ph&uacute;t cho ngấm. Cho rau thơm cắt nhỏ c&ugrave;ng kh&ocirc; b&ograve; sợi l&ecirc;n tr&ecirc;n l&agrave; bạn c&oacute; thể d&ugrave;ng m&oacute;n ăn n&agrave;y.</p>\r\n\r\n<h2><strong>7. Gỏi g&acirc;n b&ograve;</strong></h2>\r\n\r\n<p>G&acirc;n b&ograve; mua về rửa sạch sau đ&oacute; luộc c&ugrave;ng với gừng trong khoảng 1 tiếng. G&acirc;n b&ograve; sau khi luộc để nguội v&agrave; th&aacute;i miếng vừa ăn. H&agrave;nh t&acirc;y b&oacute;c vỏ sau đ&oacute; b&agrave;o mỏng, c&agrave; rốt gọt vỏ v&agrave; cắt l&aacute;t miếng mỏng. Ng&acirc;m cả h&agrave;nh t&acirc;y v&agrave; c&agrave; rốt tr&ecirc;n với dấm khoảng 15 ph&uacute;t sau đ&oacute; vắt sạch nước. Cho g&acirc;n b&ograve; v&agrave;o trộn chung với h&agrave;nh t&acirc;y v&agrave; c&agrave; rốt rắc v&agrave;o muối ti&ecirc;u chanh trộn đều, sau đ&oacute; cho v&agrave;o rau thơm cắt nhuyễn c&ugrave;ng một &iacute;t lạc rang. Với m&oacute;n ngon m&ugrave;a h&egrave; n&agrave;y bạn c&oacute; thể chi&ecirc;u đ&atilde;i cho cả gia đ&igrave;nh hay lai rai v&agrave;i cốc bia v&agrave;o dịp cuối tuần.</p>\r\n\r\n<p><img alt=\"Gỏi gân bò\" src=\"https://cdn02.static-adayroi.com/0/2019/03/19/1552972153669_4335566.jpg\" /></p>\r\n\r\n<p><em>Gỏi g&acirc;n b&ograve; (Nguồn: pinimg.com)</em></p>\r\n\r\n<h2><strong>8. Gỏi b&ograve; nướng</strong></h2>\r\n\r\n<h2><strong>9. Canh chua c&aacute; l&oacute;c</strong></h2>\r\n\r\n<p>Canh chua c&aacute; l&oacute;c cũng l&agrave; một m&oacute;n ăn c&oacute; t&iacute;nh giải nhiệt kh&aacute; tốt trong những ng&agrave;y h&egrave; n&oacute;ng nực. Bạn cũng c&oacute; thể dễ d&agrave;ng nấu m&oacute;n ăn n&agrave;y trong c&aacute;c bữa cơm gia đ&igrave;nh.&nbsp;<strong><a href=\"https://www.adayroi.com/ca-qua-ca-loc-song-p-389401?utm_source=blog_article&amp;utm_medium=referral&amp;utm_campaign=d7703&amp;utm_term=25-mon-ngon-mua-he-oi-a-de-lam-giup-mat-gan-giai-nhiet-tranh-mun-nhot\" target=\"_blank\">C&aacute; l&oacute;c tươi ngon gi&agrave;u đạm</a></strong>&nbsp;mua về sơ chế thật sạch c&ugrave;ng với muối, rửa sạch với nước lạnh sau đ&oacute; cắt th&agrave;nh từng l&aacute;t.</p>\r\n\r\n<p>Ướp c&aacute; với c&aacute;c loại gia vị, h&agrave;nh tỏi băm nhuyễn trong khoảng 15 ph&uacute;t. Dứa, đậu bắp rửa sạch sau đ&oacute; cắt th&agrave;nh l&aacute;t x&eacute;o. C&agrave; chua rửa sạch sau đ&oacute; cắt th&agrave;nh miếng cau. Dọc m&ugrave;ng tước vỏ, cắt x&eacute;o từng miếng rồi rửa sạch.</p>\r\n\r\n<p>Gi&aacute; đỗ rửa sạch.&nbsp;<strong><a href=\"https://www.adayroi.com/rau-gia-vi-c647?utm_source=blog_article&amp;utm_medium=referral&amp;utm_campaign=d7703&amp;utm_term=25-mon-ngon-mua-he-oi-a-de-lam-giup-mat-gan-giai-nhiet-tranh-mun-nhot\" target=\"_blank\">Rau thơm gia vị rửa sạch v&agrave; cắt nhỏ</a></strong>, me ng&acirc;m với nước ấm dằn lấy thịt sau đ&oacute; bỏ hạt. Phi h&agrave;nh cho thơm cho &iacute;t ớt để tạo m&agrave;u, sau đ&oacute; cho c&aacute; v&agrave;o rồi cho nước v&agrave;o nấu canh. Sau đ&oacute; cho th&ecirc;m nước me v&agrave;o nấu chung. Đến khi nước s&ocirc;i mở vung vớt bớt bọt rồi cho c&agrave; chua, dọc m&ugrave;ng, gi&aacute; đỗ, đậu bắp v&agrave;o v&agrave; n&ecirc;m nếm lại nồi nước cho vừa ăn. Đến khi canh s&ocirc;i lại th&igrave; cho rau thơm đ&atilde; cắt nhỏ v&agrave;o nồi canh v&agrave; tắt bếp. Như vậy bạn đ&atilde; c&oacute; được m&oacute;n ngon m&ugrave;a h&egrave; để giải nhiệt cho cả nh&agrave; trong c&aacute;c bữa cơm gia đ&igrave;nh.</p>\r\n\r\n<p><img alt=\"Tô canh chua cá lóc giải nhiệt giữa ngày hè nóng nực \" src=\"https://cdn02.static-adayroi.com/0/2019/03/19/1552972154665_2480270.jpg\" /></p>\r\n\r\n<p><em>T&ocirc; canh chua c&aacute; l&oacute;c giải nhiệt giữa ng&agrave;y h&egrave; n&oacute;ng nực (Nguồn: cooky.vn)</em></p>\r\n\r\n<h2><strong>10. Canh ngao nấu ri&ecirc;u</strong></h2>\r\n\r\n<h2><strong>11. Canh rong biển</strong></h2>\r\n\r\n<p>Rong biển l&agrave; một nguy&ecirc;n liệu cực kỳ m&aacute;t th&iacute;ch hợp để chế biến c&aacute;c m&oacute;n ăn trong những ng&agrave;y h&egrave; oi bức. Trong đ&oacute; m&oacute;n canh rong biển l&agrave; dễ thực hiện v&agrave; được nhiều b&agrave; nội trợ nấu nhất. Rong biển kh&ocirc; mua về bạn ng&acirc;m trong nước lạnh từ 20 đến 30 ph&uacute;t. Sau đ&oacute; rửa sạch rong biển v&agrave; cắt th&agrave;nh từng miếng vừa ăn d&agrave;i khoảng 5 cm.</p>\r\n\r\n<p>Thịt b&ograve; rửa sạch sau đ&oacute; cắt nhỏ rồi ướp với x&igrave; dầu, dầu vừng, hạt ti&ecirc;u khoảng 5 ph&uacute;t. Sau đ&oacute; phi h&agrave;nh thơm rồi cho thịt b&ograve; v&agrave;o x&agrave;o cho ch&iacute;n t&aacute;i tiếp đ&oacute; cho rong biển đ&atilde; ng&acirc;m v&agrave;o x&agrave;o chung. Cho th&ecirc;m một &iacute;t dầu vừng x&agrave;o to lửa trong 3 ph&uacute;t. Cho nước v&agrave;o nồi đun s&ocirc;i, cho th&ecirc;m&nbsp;<strong><a href=\"https://www.adayroi.com/gia-vi-c676?utm_source=blog_article&amp;utm_medium=referral&amp;utm_campaign=d7703&amp;utm_term=25-mon-ngon-mua-he-oi-a-de-lam-giup-mat-gan-giai-nhiet-tranh-mun-nhot\" target=\"_blank\">c&aacute;c loại gia vị n&ecirc;m nếm vừa ăn</a></strong>. M&uacute;c canh ra t&ocirc; rồi cho &iacute;t h&agrave;nh l&aacute; l&ecirc;n cho thơm.</p>\r\n\r\n<p><img alt=\"Món canh rong biển thịt bò thơm ngon và cực mát cho ngày hè\" src=\"https://cdn02.static-adayroi.com/0/2019/03/19/1552972153946_5027637.jpg\" /></p>\r\n\r\n<p><em>M&oacute;n canh rong biển thịt b&ograve; thơm ngon v&agrave; cực m&aacute;t cho ng&agrave;y h&egrave; (Nguồn: cooky.vn)</em></p>\r\n\r\n<h2><strong>12. Canh rau ng&oacute;t thịt băm</strong></h2>\r\n\r\n<h2><strong>13. B&uacute;n ri&ecirc;u cua</strong></h2>\r\n\r\n<h2><strong>14. B&uacute;n đậu mắm t&ocirc;m</strong></h2>\r\n\r\n<h2><strong>15. Canh chua dọc m&ugrave;ng</strong></h2>\r\n\r\n<h2><strong>16. Nem chạo tai heo</strong></h2>\r\n\r\n<h2><strong>17. Ngao hấp</strong></h2>\r\n\r\n<p><img src=\"https://cdn02.static-adayroi.com/0/2019/03/19/1552972153653_2570366.jpg\" /></p>\r\n\r\n<h2><strong>18. B&aacute;nh tr&aacute;ng cuốn thịt heo</strong></h2>\r\n\r\n<h2><strong>19. Phở cuốn</strong></h2>\r\n\r\n<h2><strong>20. Miến trộn t&ocirc;m thịt</strong></h2>\r\n\r\n<h2><strong>21. Đậu phụ rang muối</strong></h2>\r\n\r\n<p><img src=\"https://cdn02.static-adayroi.com/0/2019/03/19/1552972154046_6639981.jpg\" /></p>\r\n\r\n<h2><strong>22. C&agrave; ph&aacute;o muối</strong></h2>\r\n\r\n<h2><strong>23. Canh chua me thịt nạc</strong></h2>\r\n\r\n<h2><strong>24. Gỏi măng thịt heo trộn th&iacute;nh</strong></h2>\r\n\r\n<h2><strong>25. Nộm tai xo&agrave;i xanh</strong></h2>\r\n\r\n<p><img alt=\"Nộm xoài xanh\" src=\"https://cdn02.static-adayroi.com/0/2019/03/19/1552972154706_6188212.jpg\" /></p>\r\n\r\n<p><em>Nộm xo&agrave;i xanh (Nguồn: marthastewart.com)</em></p>\r\n\r\n<p>Chắn hẳn với những th&ocirc;ng tin hữu &iacute;ch tr&ecirc;n đ&acirc;y đ&atilde; gi&uacute;p bạn c&oacute; được những b&iacute; quyết về c&aacute;c m&oacute;n ngon m&ugrave;a h&egrave;. B&ecirc;n cạnh đ&oacute; để&nbsp;<strong><a href=\"https://www.adayroi.com/thuc-pham-c591?utm_source=blog_article&amp;utm_medium=referral&amp;utm_campaign=d7703&amp;utm_term=25-mon-ngon-mua-he-oi-a-de-lam-giup-mat-gan-giai-nhiet-tranh-mun-nhot\" target=\"_blank\">mua được c&aacute;c loại thực phẩm tươi ngon</a></strong>&nbsp;để chế biến c&aacute;c m&oacute;n ăn n&agrave;y bạn n&ecirc;n gh&eacute; đến hệ thống si&ecirc;u thị VinMart hay mua h&agrave;ng online tr&ecirc;n Adayroi.com. Những sản phẩm thực phẩm tại 2 địa chỉ n&agrave;y được cung cấp bởi những doanh nghiệp uy t&iacute;n v&agrave; chất lượng, ngo&agrave;i ra thực phẩm ở 2 nơi n&agrave;y cũng được l&agrave;m mới hằng ng&agrave;y n&ecirc;n bạn ho&agrave;n t&acirc;m y&ecirc;n t&acirc;m về chất lượng v&agrave; độ an to&agrave;n vệ sinh thực phẩm. Kh&ocirc;ng chỉ vậy, hiện Adayroi cũng c&oacute;&nbsp;<strong><a href=\"https://www.adayroi.com/combo-mon-ngon-suot-tuan-lp1620?utm_source=blog_article&amp;utm_medium=referral&amp;utm_campaign=d7703&amp;utm_term=25-mon-ngon-mua-he-oi-a-de-lam-giup-mat-gan-giai-nhiet-tranh-mun-nhot\" target=\"_blank\">comb thực đơn c&aacute;c m&oacute;n ăn ngon cả tuần cho ng&agrave;y h&egrave; nắng n&oacute;ng</a></strong>&nbsp;gi&uacute;p bạn tiết kiệm rất nhiều thời gian m&agrave; kh&ocirc;ng phải ra đường ng&agrave;y h&egrave; oi bức.</p>\r\n','2019-11-12 06:48:18','1','vietnam');
/*!40000 ALTER TABLE `post` ENABLE KEYS */;
UNLOCK TABLES;

--
-- Table structure for table `posttags`
--

DROP TABLE IF EXISTS `posttags`;
/*!40101 SET @saved_cs_client     = @@character_set_client */;
/*!40101 SET character_set_client = utf8 */;
CREATE TABLE `posttags` (
  `post_id` int(11) NOT NULL,
  `tag_id` int(10) NOT NULL,
  PRIMARY KEY (`post_id`,`tag_id`),
  KEY `posttags_ibfk_2` (`tag_id`),
  CONSTRAINT `posttags_ibfk_1` FOREIGN KEY (`post_id`) REFERENCES `post` (`post_id`) ON DELETE CASCADE,
  CONSTRAINT `posttags_ibfk_2` FOREIGN KEY (`tag_id`) REFERENCES `tags` (`tag_id`) ON DELETE CASCADE
) ENGINE=InnoDB DEFAULT CHARSET=utf8;
/*!40101 SET character_set_client = @saved_cs_client */;

--
-- Dumping data for table `posttags`
--

LOCK TABLES `posttags` WRITE;
/*!40000 ALTER TABLE `posttags` DISABLE KEYS */;
INSERT INTO `posttags` VALUES (59,876),(65,876),(68,876),(69,876),(59,877),(65,877),(59,878),(65,878),(67,878),(69,878),(59,879),(65,879),(66,879),(67,879),(59,880),(65,880),(66,880),(67,880),(70,880),(59,881),(65,881),(69,881),(59,882),(65,882),(69,882),(74,882),(59,884),(59,885),(65,885),(59,886),(65,886),(71,886),(59,887),(65,887),(67,887),(59,888),(65,888),(68,889),(69,889),(74,889),(67,890),(68,890),(69,890),(70,890),(71,890),(74,890),(69,891),(70,891),(71,891),(74,891),(67,892),(69,892),(68,894),(70,894),(74,894),(68,896),(67,900),(71,900),(67,901),(69,903),(71,903),(69,904),(71,904),(68,907),(67,911),(74,911),(67,913),(68,913),(74,913),(68,919),(71,922),(68,928),(68,931),(69,931),(67,935),(69,935),(74,939),(67,941),(69,941),(69,947),(74,947),(68,948),(74,948),(67,950),(68,950),(69,950),(71,950),(74,950),(70,954),(71,954),(67,956),(74,956),(68,957),(70,958),(71,958),(68,962),(74,969),(69,973),(69,974),(67,981),(68,981),(69,981),(70,987),(71,987),(67,990),(67,992),(67,994),(65,997),(66,998),(66,999),(67,1000),(68,1000),(67,1001),(67,1002),(67,1003),(67,1004),(67,1005),(71,1005),(67,1006),(67,1007),(67,1008),(74,1008),(67,1009),(67,1010),(69,1010),(67,1011),(74,1011),(67,1012),(69,1012),(67,1013),(67,1014),(67,1015),(69,1015),(67,1016),(67,1017),(69,1017),(67,1018),(67,1019),(67,1020),(67,1021),(67,1022),(69,1022),(71,1022),(74,1022),(67,1023),(67,1024),(71,1024),(67,1025),(68,1026),(68,1027),(68,1028),(68,1029),(68,1030),(68,1031),(68,1032),(68,1033),(68,1034),(68,1035),(68,1036),(69,1036),(68,1037),(68,1038),(70,1038),(68,1039),(71,1039),(68,1040),(69,1041),(69,1042),(69,1043),(69,1044),(69,1045),(69,1046),(69,1047),(74,1047),(70,1048),(70,1049),(71,1049),(74,1049),(70,1050),(71,1050),(70,1051),(71,1051),(70,1052),(74,1052),(70,1053),(70,1054),(74,1054),(70,1055),(70,1056),(70,1057),(74,1057),(70,1058),(74,1058),(70,1059),(70,1060),(70,1061),(71,1062),(74,1062),(71,1063),(71,1064),(71,1065),(71,1066),(71,1067),(71,1068),(71,1069),(71,1070),(71,1071),(74,1071),(71,1072),(74,1073),(74,1074),(74,1075),(74,1076),(74,1077),(74,1078),(74,1079),(74,1080),(74,1081),(74,1082),(74,1083),(74,1084),(74,1085),(74,1086);
/*!40000 ALTER TABLE `posttags` ENABLE KEYS */;
UNLOCK TABLES;

--
-- Table structure for table `tags`
--

DROP TABLE IF EXISTS `tags`;
/*!40101 SET @saved_cs_client     = @@character_set_client */;
/*!40101 SET character_set_client = utf8 */;
CREATE TABLE `tags` (
  `tag_id` int(10) NOT NULL AUTO_INCREMENT,
  `word` varchar(800) DEFAULT NULL,
  PRIMARY KEY (`tag_id`)
) ENGINE=InnoDB AUTO_INCREMENT=1098 DEFAULT CHARSET=utf8;
/*!40101 SET character_set_client = @saved_cs_client */;

--
-- Dumping data for table `tags`
--

LOCK TABLES `tags` WRITE;
/*!40000 ALTER TABLE `tags` DISABLE KEYS */;
INSERT INTO `tags` VALUES (876,'ĐẶC'),(877,'TRƯNG'),(878,'CỦA'),(879,'ẨM'),(880,'THỰC'),(881,'CHÂU'),(882,'Á'),(883,'aa'),(884,'Châu Á'),(885,'CÂU'),(886,'CHUYỆN'),(887,'KHÁCH'),(888,'HÀNG'),(889,'Những'),(890,'món'),(891,'ăn'),(892,'được'),(893,'xếp'),(894,'ngon'),(895,'nhất'),(896,'thế'),(897,'giới'),(898,'phong'),(899,'phú'),(900,'đa'),(901,'dạng'),(902,'và'),(903,'hấp'),(904,'dẫn'),(905,'là'),(906,'điều'),(907,'không'),(908,'nhận'),(909,'chính'),(910,'vì'),(911,'có'),(912,'vô'),(913,'cùng'),(914,'giản'),(915,'dị'),(916,'vẫn'),(917,'CNN'),(918,'vào'),(919,'danh'),(920,'sách'),(921,'quán'),(922,'cà'),(923,'phê'),(924,'cách'),(925,'Lạt'),(926,'hút'),(927,'trẻ'),(928,'Sài'),(929,'thành'),(930,'Nếu'),(931,'bạn'),(932,'đang'),(933,'tìm'),(934,'kiếm'),(935,'một'),(936,'tại'),(937,'TPHCM'),(938,'yên'),(939,'tĩnh'),(940,'thoáng'),(941,'như'),(942,'ở'),(943,'dưới'),(944,'đây'),(945,'địa'),(946,'chỉ'),(947,'nên'),(948,'bỏ'),(949,'lỡ'),(950,'vietnam'),(951,'7'),(952,'góc'),(953,'cho'),(954,'ngày'),(955,'Hà'),(956,'Nội'),(957,'se'),(958,'lạnh'),(959,'nhiều'),(960,'nhỏ'),(961,'cũ'),(962,'kỹ'),(963,'gợi'),(964,'cảm'),(965,'giác'),(966,'hoài'),(967,'niệm'),(968,'về'),(969,'thời'),(970,'xa'),(971,'xưa'),(972,'giữa'),(973,'lòng'),(974,'thủ'),(975,'đô'),(976,'nhộn'),(977,'nhịp'),(978,'nét'),(979,'hóa'),(980,'Âu'),(981,'đến'),(982,'điểm'),(983,'tham'),(984,'tiếng'),(985,'hay'),(986,'lễ'),(987,'hội'),(988,'độc'),(989,'đáo'),(990,'mà'),(991,'với'),(992,'du'),(993,'lịch'),(994,'còn'),(995,'thưởng'),(996,'chauau'),(997,'CÂU CHUYỆN CỦA KHÁCH HÀNG'),(998,'Pháp'),(999,'Ẩm thực Pháp'),(1000,'10'),(1001,'bún'),(1002,'mỳ'),(1003,'Việt'),(1004,'Nam'),(1005,'báo'),(1006,'Tây'),(1007,'khen'),(1008,'nức'),(1009,'nở'),(1010,'trong'),(1011,'mắt'),(1012,'quốc'),(1013,'tế'),(1014,'lúc'),(1015,'nào'),(1016,'đánh'),(1017,'giá'),(1018,'cao'),(1019,'Phải'),(1020,'rằng'),(1021,'chưa'),(1022,'các'),(1023,'loại'),(1024,'lại'),(1025,'vậy'),(1026,'Gòn'),(1027,'tên'),(1028,'nghe'),(1029,'quặc'),(1030,'bất'),(1031,'hư'),(1032,'truyền'),(1033,'ai'),(1034,'thích'),(1035,'qua'),(1036,'sản'),(1037,'khó'),(1038,'cưỡng'),(1039,'này'),(1040,'khi'),(1041,'15'),(1042,'lần'),(1043,'đời'),(1044,'biết'),(1045,'xứ'),(1046,'sở'),(1047,''),(1048,'37'),(1049,'nóng'),(1050,'trôi'),(1051,'cơm'),(1052,'giúp'),(1053,'tăng'),(1054,'hệ'),(1055,'miễn'),(1056,'dịch'),(1057,'rất'),(1058,'dễ'),(1059,'bị'),(1060,'nguội'),(1061,'mualanh'),(1062,'làm'),(1063,'5'),(1064,'đảm'),(1065,'nhà'),(1066,'sướng'),(1067,'mê'),(1068,'vừa'),(1069,'khiến'),(1070,'bữa'),(1071,'mưa'),(1072,'thêm'),(1073,'25'),(1074,'oi'),(1075,'gan'),(1076,'giải'),(1077,'nhiệt'),(1078,'tránh'),(1079,'mụn'),(1080,'nhọt'),(1081,'tiết'),(1082,'bà'),(1083,'trợ'),(1084,'lưu'),(1085,'ý'),(1086,'sung'),(1087,'mâm'),(1088,'đơn'),(1089,'gì'),(1090,'chuẩn'),(1091,'nấu'),(1092,'tênh'),(1093,'khỏi'),(1094,'đau'),(1095,'nghĩ'),(1096,'adsgdsrjtftcguhvb'),(1097,'n');
/*!40000 ALTER TABLE `tags` ENABLE KEYS */;
UNLOCK TABLES;
/*!40103 SET TIME_ZONE=@OLD_TIME_ZONE */;

/*!40101 SET SQL_MODE=@OLD_SQL_MODE */;
/*!40014 SET FOREIGN_KEY_CHECKS=@OLD_FOREIGN_KEY_CHECKS */;
/*!40014 SET UNIQUE_CHECKS=@OLD_UNIQUE_CHECKS */;
/*!40101 SET CHARACTER_SET_CLIENT=@OLD_CHARACTER_SET_CLIENT */;
/*!40101 SET CHARACTER_SET_RESULTS=@OLD_CHARACTER_SET_RESULTS */;
/*!40101 SET COLLATION_CONNECTION=@OLD_COLLATION_CONNECTION */;
/*!40111 SET SQL_NOTES=@OLD_SQL_NOTES */;

-- Dump completed on 2019-11-19 22:44:32
